Round,Timestamp,Method,LR,AvgLoss,TestAcc,BestAcc,BestRound,RoundTimeSec,RoundTimeHMS,LocalTrainTimeSec,AggTimeSec,EvalTimeSec,CumulativeTimeSec,CumulativeTimeHMS,NumClientsSelected,SelectedClients,Bandwidth,SelectedExperts,UploadDetail,ClientTrainTimesSec
1,2026-09-20 06:30:31,Ours,0.00208,3.8339673480363827,1.22,1.22,1,52.9062,0:52.91,51.655,0.147,1.1031,52.9062,0:52.91,10,"8,1,5,0,7,2,9,4,3,6",8:31;1:16;5:25;0:10;7:11;2:16;9:25;4:22;3:28;6:23,"8:[2,4,6];1:[2];5:[2,6];0:[2];7:[2];2:[2];9:[2,4];4:[2,4];3:[2,4];6:[2,4]","c8:bw=31,experts=[2,4,6]; c1:bw=16,experts=[2]; c5:bw=25,experts=[2,6]; c0:bw=10,experts=[2]; c7:bw=11,experts=[2]; c2:bw=16,experts=[2]; c9:bw=25,experts=[2,4]; c4:bw=22,experts=[2,4]; c3:bw=28,experts=[2,4]; c6:bw=23,experts=[2,4]","5.6203,4.2043,6.3694,4.6196,4.6577,3.7911,3.5639,6.8215,5.2254,6.7817"
2,2026-09-20 06:31:22,Ours,0.00406,3.4590770399483346,3.29,3.29,2,50.512,0:50.51,49.2359,0.1456,1.1292,103.6176,1:43.62,10,"0,1,8,5,3,4,7,9,6,2",0:20;1:23;8:27;5:38;3:37;4:17;7:31;9:26;6:10;2:12,"0:[4,6];1:[4,6];8:[4,6];5:[2,4,6];3:[2,4,6];4:[4];7:[2,4,6];9:[4,6];6:[4];2:[4]","c0:bw=20,experts=[4,6]; c1:bw=23,experts=[4,6]; c8:bw=27,experts=[4,6]; c5:bw=38,experts=[2,4,6]; c3:bw=37,experts=[2,4,6]; c4:bw=17,experts=[4]; c7:bw=31,experts=[2,4,6]; c9:bw=26,experts=[4,6]; c6:bw=10,experts=[4]; c2:bw=12,experts=[4]","4.4976,4.1401,5.2008,6.0429,4.9229,6.5297,4.4946,3.3642,6.4483,3.5949"
3,2026-09-20 06:32:13,Ours,0.006040000000000001,3.257987573038746,4.87,4.87,3,51.1669,0:51.17,49.9042,0.1458,1.1157,154.7967,2:34.80,10,"9,2,0,6,8,5,3,7,1,4",9:26;2:23;0:28;6:22;8:17;5:10;3:14;7:18;1:10;4:29,"9:[4,6];2:[4,6];0:[4,6];6:[4,6];8:[4];5:[4];3:[4];7:[4];1:[4];4:[4,6]","c9:bw=26,experts=[4,6]; c2:bw=23,experts=[4,6]; c0:bw=28,experts=[4,6]; c6:bw=22,experts=[4,6]; c8:bw=17,experts=[4]; c5:bw=10,experts=[4]; c3:bw=14,experts=[4]; c7:bw=18,experts=[4]; c1:bw=10,experts=[4]; c4:bw=29,experts=[4,6]","3.4705,3.7132,4.5488,6.6169,5.1996,6.0647,4.9843,4.5352,4.1703,6.6005"
4,2026-09-20 06:33:05,Ours,0.00802,3.1574535077156662,6.34,6.34,4,51.6615,0:51.66,50.3627,0.1436,1.1539,206.4693,3:26.47,10,"1,7,6,2,8,0,3,4,5,9",1:22;7:25;6:29;2:33;8:17;0:33;3:19;4:31;5:40;9:12,"1:[4,6];7:[4,6];6:[4,6];2:[2,4,6];8:[4];0:[2,4,6];3:[4];4:[2,4,6];5:[2,4,5,6];9:[4]","c1:bw=22,experts=[4,6]; c7:bw=25,experts=[4,6]; c6:bw=29,experts=[4,6]; c2:bw=33,experts=[2,4,6]; c8:bw=17,experts=[4]; c0:bw=33,experts=[2,4,6]; c3:bw=19,experts=[4]; c4:bw=31,experts=[2,4,6]; c5:bw=40,experts=[2,4,5,6]; c9:bw=12,experts=[4]","4.2796,4.5938,6.6533,3.7059,5.2363,4.6058,5.0179,6.6516,6.1649,3.4536"
5,2026-09-20 06:33:57,Ours,0.01,3.083042667963626,8.37,8.37,5,52.1888,0:52.19,50.8842,0.1507,1.1527,258.6697,4:18.67,10,"1,5,4,8,0,7,6,3,2,9",1:11;5:22;4:27;8:20;0:28;7:14;6:29;3:35;2:10;9:35,"1:[4];5:[2,4];4:[2,4];8:[4,6];0:[4,6];7:[4];6:[4,6];3:[2,4,6];2:[4];9:[2,4,6]","c1:bw=11,experts=[4]; c5:bw=22,experts=[2,4]; c4:bw=27,experts=[2,4]; c8:bw=20,experts=[4,6]; c0:bw=28,experts=[4,6]; c7:bw=14,experts=[4]; c6:bw=29,experts=[4,6]; c3:bw=35,experts=[2,4,6]; c2:bw=10,experts=[4]; c9:bw=35,experts=[2,4,6]","4.2694,6.1971,6.7304,5.3177,4.6705,4.6043,6.7492,5.1094,3.7084,3.5276"
6,2026-09-20 06:34:49,Ours,0.01,2.9849545699681754,11.91,11.91,6,52.3405,0:52.34,51.0689,0.1431,1.1272,311.0221,5:11.02,10,"8,2,5,7,3,1,9,0,4,6",8:37;2:23;5:15;7:32;3:20;1:18;9:27;0:17;4:10;6:11,"8:[2,4,6];2:[2,4];5:[4];7:[2,4,6];3:[2,4];1:[4];9:[4,6];0:[4];4:[4];6:[4]","c8:bw=37,experts=[2,4,6]; c2:bw=23,experts=[2,4]; c5:bw=15,experts=[4]; c7:bw=32,experts=[2,4,6]; c3:bw=20,experts=[2,4]; c1:bw=18,experts=[4]; c9:bw=27,experts=[4,6]; c0:bw=17,experts=[4]; c4:bw=10,experts=[4]; c6:bw=11,experts=[4]","5.3866,3.7491,6.1944,4.6329,5.1859,4.2930,3.5199,4.6007,6.7715,6.7351"
7,2026-09-20 06:35:42,Ours,0.01,2.875654455632003,14.31,14.31,7,52.3659,0:52.37,51.0847,0.1429,1.1371,363.3996,6:03.40,10,"0,5,2,6,3,7,4,1,8,9",0:20;5:27;2:22;6:10;3:15;7:17;4:10;1:10;8:32;9:10,"0:[2,4];5:[4,6];2:[2,4];6:[4];3:[4];7:[4];4:[4];1:[4];8:[2,4,6];9:[4]","c0:bw=20,experts=[2,4]; c5:bw=27,experts=[4,6]; c2:bw=22,experts=[2,4]; c6:bw=10,experts=[4]; c3:bw=15,experts=[4]; c7:bw=17,experts=[4]; c4:bw=10,experts=[4]; c1:bw=10,experts=[4]; c8:bw=32,experts=[2,4,6]; c9:bw=10,experts=[4]","4.6889,6.2573,3.7873,6.7714,5.1396,4.5758,6.7409,4.2596,5.3338,3.5301"
8,2026-09-20 06:36:35,Ours,0.01,3.589926353881457,1.06,14.31,7,53.113,0:53.11,51.8307,0.1478,1.1333,416.5247,6:56.52,10,"4,8,1,3,0,5,2,9,7,6",4:10;8:20;1:32;3:21;0:18;5:16;2:30;9:33;7:10;6:23,"4:[0];8:[0,1];1:[0,1,3];3:[0,1];0:[0];5:[0];2:[0,1,3];9:[0,1,3];7:[0];6:[0,1]","c4:bw=10,experts=[0]; c8:bw=20,experts=[0,1]; c1:bw=32,experts=[0,1,3]; c3:bw=21,experts=[0,1]; c0:bw=18,experts=[0]; c5:bw=16,experts=[0]; c2:bw=30,experts=[0,1,3]; c9:bw=33,experts=[0,1,3]; c7:bw=10,experts=[0]; c6:bw=23,experts=[0,1]","6.9028,5.4317,4.3510,5.2543,4.6906,6.2718,3.8106,3.5836,4.6453,6.8891"
9,2026-09-20 06:37:28,Ours,0.01,4.605169774161757,1.83,14.31,7,53.522,0:53.52,52.2398,0.1424,1.1386,470.0593,7:50.06,10,"2,0,4,9,8,6,7,5,1,3",2:12;0:29;4:33;9:15;8:10;6:17;7:25;5:29;1:10;3:13,"2:[5];0:[1,3];4:[1,3,5];9:[5];8:[3];6:[3];7:[1,3];5:[1,3];1:[5];3:[3]","c2:bw=12,experts=[5]; c0:bw=29,experts=[1,3]; c4:bw=33,experts=[1,3,5]; c9:bw=15,experts=[5]; c8:bw=10,experts=[3]; c6:bw=17,experts=[3]; c7:bw=25,experts=[1,3]; c5:bw=29,experts=[1,3]; c1:bw=10,experts=[5]; c3:bw=13,experts=[3]","3.8498,4.8037,6.9639,3.5849,5.3974,6.8390,4.7185,6.4121,4.4031,5.2674"
10,2026-09-20 06:38:22,Ours,0.01,4.5229770639273035,1.0,14.31,7,53.5327,0:53.53,52.1948,0.1908,1.1459,523.6044,8:43.60,10,"4,2,7,0,6,3,5,8,9,1",4:20;2:19;7:21;0:33;6:36;3:26;5:32;8:20;9:20;1:23,"4:[4,7];2:[7];7:[5,7];0:[4,5,7];6:[2,5,7];3:[5,7];5:[4,5,7];8:[5,7];9:[4,7];1:[2,7]","c4:bw=20,experts=[4,7]; c2:bw=19,experts=[7]; c7:bw=21,experts=[5,7]; c0:bw=33,experts=[4,5,7]; c6:bw=36,experts=[2,5,7]; c3:bw=26,experts=[5,7]; c5:bw=32,experts=[4,5,7]; c8:bw=20,experts=[5,7]; c9:bw=20,experts=[4,7]; c1:bw=23,experts=[2,7]","6.9375,3.8539,4.7055,4.7857,6.8614,5.2406,6.3799,5.4224,3.5892,4.4186"
11,2026-09-20 06:39:15,Ours,0.01,4.400458158384104,1.0,14.31,7,53.4968,0:53.50,52.2084,0.1469,1.1404,577.1144,9:37.11,10,"5,2,7,3,0,8,9,6,1,4",5:15;2:15;7:24;3:28;0:16;8:22;9:18;6:31;1:22;4:10,"5:[4];2:[4];7:[2,4];3:[2,4];0:[4];8:[2,4];9:[4];6:[2,4,6];1:[2,4];4:[4]","c5:bw=15,experts=[4]; c2:bw=15,experts=[4]; c7:bw=24,experts=[2,4]; c3:bw=28,experts=[2,4]; c0:bw=16,experts=[4]; c8:bw=22,experts=[2,4]; c9:bw=18,experts=[4]; c6:bw=31,experts=[2,4,6]; c1:bw=22,experts=[2,4]; c4:bw=10,experts=[4]","6.3839,3.8510,4.7232,5.2365,4.7553,5.4396,3.5862,6.8651,4.4200,6.9474"
12,2026-09-20 06:40:09,Ours,0.01,4.422420795092359,1.0,14.31,7,53.6333,0:53.63,52.3293,0.1437,1.159,630.7605,10:30.76,10,"1,5,2,4,3,7,9,6,8,0",1:24;5:31;2:32;4:16;3:19;7:16;9:23;6:16;8:31;0:27,"1:[4,6];5:[2,4,6];2:[2,4,6];4:[6];3:[4];7:[4];9:[2,4];6:[4];8:[2,4,6];0:[2,4]","c1:bw=24,experts=[4,6]; c5:bw=31,experts=[2,4,6]; c2:bw=32,experts=[2,4,6]; c4:bw=16,experts=[6]; c3:bw=19,experts=[4]; c7:bw=16,experts=[4]; c9:bw=23,experts=[2,4]; c6:bw=16,experts=[4]; c8:bw=31,experts=[2,4,6]; c0:bw=27,experts=[2,4]","4.4075,6.4725,3.8847,6.8886,5.2246,4.6910,3.6044,6.8356,5.5375,4.7829"
13,2026-09-20 06:41:03,Ours,0.01,4.460494918456953,1.0,14.31,7,53.5699,0:53.57,52.253,0.15,1.1657,684.3436,11:24.34,10,"3,1,4,5,8,6,9,7,0,2",3:17;1:26;4:10;5:16;8:10;6:20;9:10;7:32;0:14;2:10,"3:[6];1:[2,4];4:[2];5:[4];8:[4];6:[2,4];9:[4];7:[2,4,6];0:[6];2:[4]","c3:bw=17,experts=[6]; c1:bw=26,experts=[2,4]; c4:bw=10,experts=[2]; c5:bw=16,experts=[4]; c8:bw=10,experts=[4]; c6:bw=20,experts=[2,4]; c9:bw=10,experts=[4]; c7:bw=32,experts=[2,4,6]; c0:bw=14,experts=[6]; c2:bw=10,experts=[4]","5.2780,4.4032,6.8980,6.3731,5.4377,6.8537,3.6031,4.7266,4.8134,3.8663"
14,2026-09-20 06:41:56,Ours,0.01,4.41821737302155,1.0,14.31,7,53.58,0:53.58,52.2974,0.1429,1.1384,737.9372,12:17.94,10,"2,4,5,1,7,0,9,3,8,6",2:25;4:10;5:36;1:21;7:14;0:14;9:18;3:25;8:12;6:37,"2:[2,4];4:[4];5:[2,4,6];1:[2,4];7:[4];0:[4];9:[6];3:[2,4];8:[4];6:[2,4,6]","c2:bw=25,experts=[2,4]; c4:bw=10,experts=[4]; c5:bw=36,experts=[2,4,6]; c1:bw=21,experts=[2,4]; c7:bw=14,experts=[4]; c0:bw=14,experts=[4]; c9:bw=18,experts=[6]; c3:bw=25,experts=[2,4]; c8:bw=12,experts=[4]; c6:bw=37,experts=[2,4,6]","3.8842,6.9443,6.4022,4.3911,4.7041,4.7896,3.6185,5.2418,5.4299,6.8918"
15,2026-09-20 06:42:50,Ours,0.01,4.40393677405533,1.0,14.31,7,53.713,0:53.71,52.3974,0.1457,1.1686,791.6638,13:11.66,10,"7,0,1,8,3,2,4,5,9,6",7:33;0:11;1:10;8:29;3:10;2:29;4:26;5:10;9:11;6:18,"7:[2,4,6];0:[4];1:[4];8:[2,4];3:[4];2:[2,4];4:[2,4];5:[4];9:[4];6:[4]","c7:bw=33,experts=[2,4,6]; c0:bw=11,experts=[4]; c1:bw=10,experts=[4]; c8:bw=29,experts=[2,4]; c3:bw=10,experts=[4]; c2:bw=29,experts=[2,4]; c4:bw=26,experts=[2,4]; c5:bw=10,experts=[4]; c9:bw=11,experts=[4]; c6:bw=18,experts=[4]","4.7442,4.8086,4.4015,5.4901,5.2578,3.8843,6.9392,6.3913,3.6155,6.8649"
16,2026-09-20 06:43:44,Ours,0.01,4.548878508924796,1.0,14.31,7,53.774,0:53.77,52.4823,0.1484,1.142,845.4519,14:05.45,10,"6,1,3,8,7,5,4,9,0,2",6:22;1:16;3:24;8:27;7:12;5:22;4:20;9:13;0:32;2:29,"6:[0,1];1:[0];3:[0,1];8:[0,1];7:[0];5:[0,4];4:[0,4];9:[0];0:[0,2,4];2:[0,1]","c6:bw=22,experts=[0,1]; c1:bw=16,experts=[0]; c3:bw=24,experts=[0,1]; c8:bw=27,experts=[0,1]; c7:bw=12,experts=[0]; c5:bw=22,experts=[0,4]; c4:bw=20,experts=[0,4]; c9:bw=13,experts=[0]; c0:bw=32,experts=[0,2,4]; c2:bw=29,experts=[0,1]","6.9308,4.4288,5.2690,5.4407,4.7199,6.4057,6.9678,3.6117,4.8199,3.8881"
17,2026-09-20 06:44:37,Ours,0.01,4.569004663257461,1.0,14.31,7,53.5972,0:53.60,52.2978,0.1448,1.1494,899.064,14:59.06,10,"4,7,8,3,5,1,0,2,9,6",4:32;7:14;8:10;3:29;5:10;1:16;0:10;2:11;9:21;6:21,"4:[1,3,5];7:[1];8:[3];3:[3,4];5:[1];1:[1];0:[1];2:[3];9:[1,3];6:[3,4]","c4:bw=32,experts=[1,3,5]; c7:bw=14,experts=[1]; c8:bw=10,experts=[3]; c3:bw=29,experts=[3,4]; c5:bw=10,experts=[1]; c1:bw=16,experts=[1]; c0:bw=10,experts=[1]; c2:bw=11,experts=[3]; c9:bw=21,experts=[1,3]; c6:bw=21,experts=[3,4]","6.9752,4.7244,5.4484,5.2595,6.3699,4.3810,4.7900,3.8606,3.6154,6.8733"
18,2026-09-20 06:45:31,Ours,0.01,4.587903758815489,1.0,14.31,7,53.743,0:53.74,52.4297,0.1522,1.1598,952.8215,15:52.82,10,"1,8,5,2,9,7,4,3,0,6",1:10;8:10;5:19;2:21;9:10;7:30;4:31;3:21;0:27;6:17,"1:[3];8:[5];5:[3];2:[5,7];9:[5];7:[3,5,7];4:[2,4,7];3:[5,7];0:[3,5];6:[5]","c1:bw=10,experts=[3]; c8:bw=10,experts=[5]; c5:bw=19,experts=[3]; c2:bw=21,experts=[5,7]; c9:bw=10,experts=[5]; c7:bw=30,experts=[3,5,7]; c4:bw=31,experts=[2,4,7]; c3:bw=21,experts=[5,7]; c0:bw=27,experts=[3,5]; c6:bw=17,experts=[5]","4.4337,5.4510,6.3793,3.8614,3.6204,4.7510,7.0066,5.2700,4.7996,6.8569"
19,2026-09-20 06:46:25,Ours,0.01,4.439546168965782,1.0,14.31,7,53.8533,0:53.85,52.559,0.1505,1.1426,1006.6899,16:46.69,10,"8,0,4,1,9,5,7,2,6,3",8:31;0:23;4:28;1:26;9:21;5:16;7:12;2:10;6:36;3:22,"8:[2,4,7];0:[4,7];4:[2,4];1:[5,7];9:[4,7];5:[5];7:[4];2:[4];6:[2,4,7];3:[2,4]","c8:bw=31,experts=[2,4,7]; c0:bw=23,experts=[4,7]; c4:bw=28,experts=[2,4]; c1:bw=26,experts=[5,7]; c9:bw=21,experts=[4,7]; c5:bw=16,experts=[5]; c7:bw=12,experts=[4]; c2:bw=10,experts=[4]; c6:bw=36,experts=[2,4,7]; c3:bw=22,experts=[2,4]","5.5152,4.8266,6.9673,4.4220,3.6086,6.3850,4.7323,3.8663,6.9331,5.3025"
20,2026-09-20 06:47:19,Ours,0.01,4.442977445598612,1.0,14.31,7,53.6306,0:53.63,52.3391,0.1419,1.1483,1060.3383,17:40.34,10,"0,2,1,9,7,6,3,5,4,8",0:15;2:23;1:22;9:10;7:24;6:38;3:10;5:10;4:33;8:28,"0:[4];2:[4,6];1:[4,6];9:[2];7:[2,4];6:[2,4,6];3:[4];5:[7];4:[2,4,6];8:[4,6]","c0:bw=15,experts=[4]; c2:bw=23,experts=[4,6]; c1:bw=22,experts=[4,6]; c9:bw=10,experts=[2]; c7:bw=24,experts=[2,4]; c6:bw=38,experts=[2,4,6]; c3:bw=10,experts=[4]; c5:bw=10,experts=[7]; c4:bw=33,experts=[2,4,6]; c8:bw=28,experts=[4,6]","4.7957,3.8866,4.4117,3.5955,4.7155,6.8796,5.2359,6.3675,6.9809,5.4701"
21,2026-09-20 06:48:12,Ours,0.01,4.420790756523422,1.0,14.31,7,53.6762,0:53.68,52.3849,0.1478,1.1422,1114.0299,18:34.03,10,"1,2,7,4,8,5,0,3,6,9",1:23;2:22;7:10;4:26;8:10;5:18;0:37;3:10;6:10;9:14,"1:[4,6];2:[2,4];7:[4];4:[2,4];8:[4];5:[4];0:[2,4,6];3:[6];6:[4];9:[4]","c1:bw=23,experts=[4,6]; c2:bw=22,experts=[2,4]; c7:bw=10,experts=[4]; c4:bw=26,experts=[2,4]; c8:bw=10,experts=[4]; c5:bw=18,experts=[4]; c0:bw=37,experts=[2,4,6]; c3:bw=10,experts=[6]; c6:bw=10,experts=[4]; c9:bw=14,experts=[4]","4.4669,3.9084,4.7261,6.9551,5.4290,6.3935,4.7897,5.2513,6.8613,3.6035"
22,2026-09-20 06:49:06,Ours,0.01,4.463113133927813,1.0,14.31,7,53.7642,0:53.76,52.4759,0.1494,1.1378,1167.8093,19:27.81,10,"7,9,1,6,5,2,0,4,3,8",7:10;9:18;1:10;6:34;5:10;2:37;0:37;4:20;3:31;8:18,"7:[4];9:[6];1:[2];6:[2,4,6];5:[2];2:[2,4,6];0:[1,2,4];4:[2,4];3:[2,4,6];8:[4]","c7:bw=10,experts=[4]; c9:bw=18,experts=[6]; c1:bw=10,experts=[2]; c6:bw=34,experts=[2,4,6]; c5:bw=10,experts=[2]; c2:bw=37,experts=[2,4,6]; c0:bw=37,experts=[1,2,4]; c4:bw=20,experts=[2,4]; c3:bw=31,experts=[2,4,6]; c8:bw=18,experts=[4]","4.7454,3.6299,4.3981,6.9084,6.4109,3.8732,4.8082,6.9580,5.2963,5.4476"
23,2026-09-20 06:50:00,Ours,0.01,4.432956307499408,1.0,14.31,7,53.7855,0:53.79,52.4887,0.1431,1.1525,1221.6108,20:21.61,10,"5,7,4,6,9,8,3,1,2,0",5:29;7:10;4:31;6:10;9:28;8:19;3:10;1:34;2:18;0:10,"5:[4,6];7:[6];4:[2,4,6];6:[4];9:[2,4];8:[4];3:[4];1:[2,4,6];2:[4];0:[4]","c5:bw=29,experts=[4,6]; c7:bw=10,experts=[6]; c4:bw=31,experts=[2,4,6]; c6:bw=10,experts=[4]; c9:bw=28,experts=[2,4]; c8:bw=19,experts=[4]; c3:bw=10,experts=[4]; c1:bw=34,experts=[2,4,6]; c2:bw=18,experts=[4]; c0:bw=10,experts=[4]","6.4650,4.7245,6.9875,6.8812,3.6180,5.4610,5.2622,4.4294,3.8639,4.7959"
24,2026-09-20 06:50:54,Ours,0.01,4.598102012523286,1.0,14.31,7,53.7145,0:53.71,52.3977,0.1493,1.1663,1275.3412,21:15.34,10,"6,4,7,9,2,1,5,8,3,0",6:17;4:10;7:10;9:28;2:24;1:10;5:14;8:10;3:10;0:17,"6:[0];4:[0];7:[0];9:[0,4];2:[0,1];1:[0];5:[0];8:[0];3:[0];0:[0]","c6:bw=17,experts=[0]; c4:bw=10,experts=[0]; c7:bw=10,experts=[0]; c9:bw=28,experts=[0,4]; c2:bw=24,experts=[0,1]; c1:bw=10,experts=[0]; c5:bw=14,experts=[0]; c8:bw=10,experts=[0]; c3:bw=10,experts=[0]; c0:bw=17,experts=[0]","6.9157,6.9283,4.7354,3.6168,3.8605,4.4099,6.4070,5.4549,5.2765,4.7926"
25,2026-09-20 06:51:48,Ours,0.01,4.4932636902894725,1.0,14.31,7,53.9078,0:53.91,52.6258,0.1462,1.1346,1329.2657,22:09.27,10,"9,6,4,3,5,1,8,2,0,7",9:22;6:10;4:32;3:10;5:35;1:27;8:30;2:10;0:31;7:22,"9:[1,3];6:[1];4:[1,3,5];3:[1];5:[1,2,4];1:[1,4];8:[1,3,4];2:[3];0:[2,4,6];7:[1,4]","c9:bw=22,experts=[1,3]; c6:bw=10,experts=[1]; c4:bw=32,experts=[1,3,5]; c3:bw=10,experts=[1]; c5:bw=35,experts=[1,2,4]; c1:bw=27,experts=[1,4]; c8:bw=30,experts=[1,3,4]; c2:bw=10,experts=[3]; c0:bw=31,experts=[2,4,6]; c7:bw=22,experts=[1,4]","3.6594,6.8926,6.9823,5.2682,6.4386,4.4068,5.4996,3.8645,4.8871,4.7268"
26,2026-09-20 06:52:41,Ours,0.01,4.542875694183377,1.0,14.31,7,53.5134,0:53.51,52.2085,0.1456,1.1581,1382.7953,23:02.80,10,"3,6,9,7,1,5,2,8,0,4",3:25;6:19;9:28;7:17;1:18;5:11;2:17;8:30;0:10;4:26,"3:[3,5];6:[3];9:[4,5];7:[3];1:[3];5:[3];2:[5];8:[4,5,6];0:[3];4:[4,7]","c3:bw=25,experts=[3,5]; c6:bw=19,experts=[3]; c9:bw=28,experts=[4,5]; c7:bw=17,experts=[3]; c1:bw=18,experts=[3]; c5:bw=11,experts=[3]; c2:bw=17,experts=[5]; c8:bw=30,experts=[4,5,6]; c0:bw=10,experts=[3]; c4:bw=26,experts=[4,7]","5.2984,6.8582,3.6239,4.7095,4.3876,6.3437,3.8266,5.4499,4.7634,6.9473"
27,2026-09-20 06:53:35,Ours,0.01,4.498796684637491,1.0,14.31,7,53.7013,0:53.70,52.4053,0.1525,1.1423,1436.5141,23:56.51,10,"7,1,4,0,9,2,8,3,6,5",7:29;1:34;4:10;0:20;9:10;2:11;8:31;3:12;6:35;5:20,"7:[5,7];1:[4,5,7];4:[4];0:[5,7];9:[7];2:[7];8:[2,4,7];3:[7];6:[4,5,7];5:[4,5]","c7:bw=29,experts=[5,7]; c1:bw=34,experts=[4,5,7]; c4:bw=10,experts=[4]; c0:bw=20,experts=[5,7]; c9:bw=10,experts=[7]; c2:bw=11,experts=[7]; c8:bw=31,experts=[2,4,7]; c3:bw=12,experts=[7]; c6:bw=35,experts=[4,5,7]; c5:bw=20,experts=[4,5]","4.7467,4.4241,6.9413,4.7802,3.6011,3.8466,5.4898,5.2391,6.9167,6.4196"
28,2026-09-20 06:54:28,Ours,0.01,4.455282994275905,1.0,14.31,7,53.6114,0:53.61,52.3093,0.1436,1.1574,1490.1434,24:50.14,10,"6,9,0,8,2,5,1,3,4,7",6:16;9:27;0:26;8:16;2:10;5:18;1:14;3:10;4:10;7:10,"6:[4];9:[2,4];0:[2,4];8:[4];2:[4];5:[7];1:[4];3:[4];4:[4];7:[2]","c6:bw=16,experts=[4]; c9:bw=27,experts=[2,4]; c0:bw=26,experts=[2,4]; c8:bw=16,experts=[4]; c2:bw=10,experts=[4]; c5:bw=18,experts=[7]; c1:bw=14,experts=[4]; c3:bw=10,experts=[4]; c4:bw=10,experts=[4]; c7:bw=10,experts=[2]","6.8896,3.6147,4.8289,5.4286,3.8504,6.3766,4.4296,5.2459,6.9069,4.7381"
29,2026-09-20 06:55:22,Ours,0.01,4.4051175115259,1.0,14.31,7,53.6969,0:53.70,52.4147,0.1459,1.1351,1543.8571,25:43.86,10,"4,0,1,9,6,8,7,3,2,5",4:21;0:24;1:18;9:24;6:24;8:19;7:12;3:18;2:10;5:19,"4:[4,6];0:[2,4];1:[4];9:[4,6];6:[4,6];8:[4];7:[4];3:[4];2:[4];5:[4]","c4:bw=21,experts=[4,6]; c0:bw=24,experts=[2,4]; c1:bw=18,experts=[4]; c9:bw=24,experts=[4,6]; c6:bw=24,experts=[4,6]; c8:bw=19,experts=[4]; c7:bw=12,experts=[4]; c3:bw=18,experts=[4]; c2:bw=10,experts=[4]; c5:bw=19,experts=[4]","7.0048,4.8149,4.4138,3.6259,6.8710,5.4452,4.7226,5.2698,3.8789,6.3678"
30,2026-09-20 06:56:16,Ours,0.01,4.469303909270609,1.0,14.31,7,53.8229,0:53.82,52.5313,0.1486,1.1418,1597.6975,26:37.70,10,"5,1,9,4,0,8,6,7,3,2",5:34;1:20;9:30;4:29;0:10;8:23;6:10;7:10;3:33;2:15,"5:[2,4,6];1:[2,4];9:[2,4,6];4:[2,4];0:[1];8:[2,4];6:[2];7:[4];3:[2,4,6];2:[2]","c5:bw=34,experts=[2,4,6]; c1:bw=20,experts=[2,4]; c9:bw=30,experts=[2,4,6]; c4:bw=29,experts=[2,4]; c0:bw=10,experts=[1]; c8:bw=23,experts=[2,4]; c6:bw=10,experts=[2]; c7:bw=10,experts=[4]; c3:bw=33,experts=[2,4,6]; c2:bw=15,experts=[2]","6.4522,4.4398,3.6601,6.9578,4.7918,5.4748,6.8724,4.7377,5.2810,3.8637"
31,2026-09-20 06:57:10,Ours,0.01,4.437300861711658,1.0,14.31,7,53.6246,0:53.62,52.3308,0.1425,1.1501,1651.3402,27:31.34,10,"6,4,9,1,5,8,3,2,0,7",6:16;4:11;9:25;1:17;5:34;8:18;3:13;2:10;0:26;7:35,"6:[4];4:[4];9:[2,4];1:[6];5:[2,4,6];8:[4];3:[4];2:[6];0:[2,4];7:[2,4,6]","c6:bw=16,experts=[4]; c4:bw=11,experts=[4]; c9:bw=25,experts=[2,4]; c1:bw=17,experts=[6]; c5:bw=34,experts=[2,4,6]; c8:bw=18,experts=[4]; c3:bw=13,experts=[4]; c2:bw=10,experts=[6]; c0:bw=26,experts=[2,4]; c7:bw=35,experts=[2,4,6]","6.8974,6.9620,3.6237,4.4042,6.4095,5.4274,5.2444,3.8274,4.7890,4.7458"
32,2026-09-20 06:58:03,Ours,0.01,4.505977285622317,1.0,14.31,7,53.77,0:53.77,52.4668,0.1479,1.1541,1705.1279,28:25.13,10,"8,5,4,7,0,1,3,6,2,9",8:12;5:20;4:27;7:26;0:25;1:12;3:16;6:15;2:30;9:17,"8:[0];5:[0,4];4:[0,4];7:[0,4];0:[0,4];1:[0];3:[0];6:[0];2:[0,1,4];9:[0]","c8:bw=12,experts=[0]; c5:bw=20,experts=[0,4]; c4:bw=27,experts=[0,4]; c7:bw=26,experts=[0,4]; c0:bw=25,experts=[0,4]; c1:bw=12,experts=[0]; c3:bw=16,experts=[0]; c6:bw=15,experts=[0]; c2:bw=30,experts=[0,1,4]; c9:bw=17,experts=[0]","5.4706,6.4354,6.9651,4.7441,4.8102,4.4187,5.2512,6.8843,3.8754,3.6119"
33,2026-09-20 06:58:57,Ours,0.01,4.520474026165163,1.0,14.31,7,53.8468,0:53.85,52.5546,0.148,1.143,1758.9932,29:18.99,10,"7,1,3,6,5,9,2,8,4,0",7:29;1:19;3:39;6:20;5:16;9:23;2:13;8:28;4:25;0:35,"7:[1,4];1:[1];3:[1,2,4];6:[1,4];5:[1];9:[1,3];2:[3];8:[1,3];4:[1,3];0:[2,4,6]","c7:bw=29,experts=[1,4]; c1:bw=19,experts=[1]; c3:bw=39,experts=[1,2,4]; c6:bw=20,experts=[1,4]; c5:bw=16,experts=[1]; c9:bw=23,experts=[1,3]; c2:bw=13,experts=[3]; c8:bw=28,experts=[1,3]; c4:bw=25,experts=[1,3]; c0:bw=35,experts=[2,4,6]","4.7563,4.4194,5.3147,6.9006,6.3801,3.6278,3.8738,5.4722,6.9737,4.8359"
34,2026-09-20 06:59:51,Ours,0.01,4.493896651624239,1.0,14.31,7,53.9267,0:53.93,52.6212,0.1462,1.1541,1812.939,30:12.94,10,"4,1,6,9,8,0,5,7,3,2",4:26;1:26;6:27;9:38;8:23;0:12;5:33;7:18;3:40;2:30,"4:[5,7];1:[3,4];6:[3,4];9:[2,4,5];8:[5,6];0:[3];5:[2,3,4];7:[3];3:[2,3,4,5];2:[2,4,5]","c4:bw=26,experts=[5,7]; c1:bw=26,experts=[3,4]; c6:bw=27,experts=[3,4]; c9:bw=38,experts=[2,4,5]; c8:bw=23,experts=[5,6]; c0:bw=12,experts=[3]; c5:bw=33,experts=[2,3,4]; c7:bw=18,experts=[3]; c3:bw=40,experts=[2,3,4,5]; c2:bw=30,experts=[2,4,5]","6.9988,4.4502,6.9352,3.6277,5.4812,4.7826,6.4237,4.7311,5.3059,3.8848"
35,2026-09-20 07:00:45,Ours,0.01,4.523761726740389,1.0,14.31,7,53.7174,0:53.72,52.3971,0.1572,1.1618,1866.6755,31:06.68,10,"4,0,1,6,2,8,9,7,5,3",4:18;0:11;1:17;6:24;2:25;8:28;9:15;7:27;5:23;3:13,"4:[4];0:[5];1:[5];6:[5,7];2:[4,7];8:[4,7];9:[7];7:[5,7];5:[4,5];3:[7]","c4:bw=18,experts=[4]; c0:bw=11,experts=[5]; c1:bw=17,experts=[5]; c6:bw=24,experts=[5,7]; c2:bw=25,experts=[4,7]; c8:bw=28,experts=[4,7]; c9:bw=15,experts=[7]; c7:bw=27,experts=[5,7]; c5:bw=23,experts=[4,5]; c3:bw=13,experts=[7]","6.9604,4.8057,4.4241,6.8729,3.8665,5.4556,3.6080,4.7424,6.4172,5.2443"
36,2026-09-20 07:01:39,Ours,0.01,4.417942907052209,1.0,14.31,7,53.8282,0:53.83,52.5237,0.1443,1.159,1920.5231,32:00.52,10,"9,0,3,7,6,5,1,4,8,2",9:21;0:20;3:33;7:15;6:24;5:27;1:10;4:40;8:28;2:28,"9:[2,4];0:[4,7];3:[2,4,6];7:[4];6:[2,4];5:[4,7];1:[7];4:[1,2,4,6];8:[2,4];2:[2,4]","c9:bw=21,experts=[2,4]; c0:bw=20,experts=[4,7]; c3:bw=33,experts=[2,4,6]; c7:bw=15,experts=[4]; c6:bw=24,experts=[2,4]; c5:bw=27,experts=[4,7]; c1:bw=10,experts=[7]; c4:bw=40,experts=[1,2,4,6]; c8:bw=28,experts=[2,4]; c2:bw=28,experts=[2,4]","3.6356,4.8322,5.2916,4.7395,6.8871,6.3807,4.4093,7.0137,5.4552,3.8787"
37,2026-09-20 07:02:33,Ours,0.01,4.404053911396813,1.0,14.31,7,53.889,0:53.89,52.5915,0.1454,1.1509,1974.4313,32:54.43,10,"1,5,2,6,4,7,9,0,3,8",1:10;5:22;2:20;6:36;4:22;7:23;9:22;0:30;3:20;8:10,"1:[4];5:[2,4];2:[2,4];6:[2,4,6];4:[4,6];7:[2,4];9:[2,4];0:[2,4,6];3:[2,4];8:[4]","c1:bw=10,experts=[4]; c5:bw=22,experts=[2,4]; c2:bw=20,experts=[2,4]; c6:bw=36,experts=[2,4,6]; c4:bw=22,experts=[4,6]; c7:bw=23,experts=[2,4]; c9:bw=22,experts=[2,4]; c0:bw=30,experts=[2,4,6]; c3:bw=20,experts=[2,4]; c8:bw=10,experts=[4]","4.4425,6.4489,3.8888,6.9265,6.9911,4.7291,3.6326,4.8109,5.2629,5.4581"
38,2026-09-20 07:03:27,Ours,0.01,4.43995269555415,1.0,14.31,7,53.92,0:53.92,52.6263,0.1522,1.1403,2028.3714,33:48.37,10,"8,6,4,1,5,2,3,7,9,0",8:25;6:10;4:29;1:17;5:10;2:10;3:21;7:28;9:14;0:22,"8:[4,6];6:[4];4:[4,6];1:[2];5:[4];2:[4];3:[2,4];7:[2,4];9:[6];0:[1,4]","c8:bw=25,experts=[4,6]; c6:bw=10,experts=[4]; c4:bw=29,experts=[4,6]; c1:bw=17,experts=[2]; c5:bw=10,experts=[4]; c2:bw=10,experts=[4]; c3:bw=21,experts=[2,4]; c7:bw=28,experts=[2,4]; c9:bw=14,experts=[6]; c0:bw=22,experts=[1,4]","5.5183,6.9048,6.9519,4.4056,6.3722,3.8563,5.3584,4.7412,3.6952,4.8225"
39,2026-09-20 07:04:20,Ours,0.01,4.408297489751758,1.0,14.31,7,53.7584,0:53.76,52.4646,0.1427,1.1499,2082.1511,34:42.15,10,"3,0,1,7,6,8,2,4,9,5",3:14;0:10;1:25;7:22;6:17;8:25;2:20;4:20;9:13;5:40,"3:[4];0:[4];1:[4,6];7:[4,6];6:[4];8:[2,4];2:[4,6];4:[4,6];9:[4];5:[0,2,4,6]","c3:bw=14,experts=[4]; c0:bw=10,experts=[4]; c1:bw=25,experts=[4,6]; c7:bw=22,experts=[4,6]; c6:bw=17,experts=[4]; c8:bw=25,experts=[2,4]; c2:bw=20,experts=[4,6]; c4:bw=20,experts=[4,6]; c9:bw=13,experts=[4]; c5:bw=40,experts=[0,2,4,6]","5.2935,4.8115,4.4281,4.7392,6.8498,5.4683,3.8846,6.9494,3.6089,6.4312"
40,2026-09-20 07:05:14,Ours,0.01,4.471107585088566,1.0,14.31,7,53.7723,0:53.77,52.4767,0.1455,1.1489,2135.9436,35:35.94,10,"8,1,5,6,2,7,3,4,9,0",8:14;1:23;5:18;6:26;2:36;7:37;3:10;4:11;9:22;0:20,"8:[0];1:[0,4];5:[4];6:[0,4];2:[0,1,4];7:[0,2,4];3:[0];4:[0];9:[0,4];0:[0,4]","c8:bw=14,experts=[0]; c1:bw=23,experts=[0,4]; c5:bw=18,experts=[4]; c6:bw=26,experts=[0,4]; c2:bw=36,experts=[0,1,4]; c7:bw=37,experts=[0,2,4]; c3:bw=10,experts=[0]; c4:bw=11,experts=[0]; c9:bw=22,experts=[0,4]; c0:bw=20,experts=[0,4]","5.5044,4.4314,6.4500,6.8757,3.8811,4.7323,5.2473,6.8995,3.6197,4.8353"
41,2026-09-20 07:06:08,Ours,0.01,4.445185014118804,1.0,14.31,7,53.7451,0:53.75,52.4566,0.1477,1.1395,2189.709,36:29.71,10,"2,6,8,1,4,5,7,3,9,0",2:30;6:10;8:31;1:10;4:28;5:34;7:38;3:22;9:30;0:10,"2:[3,4,6];6:[1];8:[1,3,4];1:[1];4:[3,4];5:[1,2,4];7:[1,2,4];3:[1,4];9:[1,3,4];0:[4]","c2:bw=30,experts=[3,4,6]; c6:bw=10,experts=[1]; c8:bw=31,experts=[1,3,4]; c1:bw=10,experts=[1]; c4:bw=28,experts=[3,4]; c5:bw=34,experts=[1,2,4]; c7:bw=38,experts=[1,2,4]; c3:bw=22,experts=[1,4]; c9:bw=30,experts=[1,3,4]; c0:bw=10,experts=[4]","3.8955,6.8713,5.4737,4.3923,6.9420,6.4238,4.7452,5.2887,3.6409,4.7832"
42,2026-09-20 07:07:02,Ours,0.01,4.493285449141212,1.0,14.31,7,53.805,0:53.80,52.5076,0.1423,1.1508,2243.5348,37:23.53,10,"5,1,3,9,6,0,7,4,8,2",5:28;1:27;3:27;9:28;6:19;0:10;7:11;4:30;8:23;2:22,"5:[3,4];1:[3,4];3:[3,5];9:[4,5];6:[3];0:[3];7:[3];4:[4,5,7];8:[4,5];2:[4,5]","c5:bw=28,experts=[3,4]; c1:bw=27,experts=[3,4]; c3:bw=27,experts=[3,5]; c9:bw=28,experts=[4,5]; c6:bw=19,experts=[3]; c0:bw=10,experts=[3]; c7:bw=11,experts=[3]; c4:bw=30,experts=[4,5,7]; c8:bw=23,experts=[4,5]; c2:bw=22,experts=[4,5]","6.4667,4.4452,5.2943,3.6216,6.8533,4.7709,4.7380,6.9675,5.4875,3.8627"
43,2026-09-20 07:07:56,Ours,0.01,4.494615596931292,1.0,14.31,7,53.8692,0:53.87,52.5601,0.151,1.1568,2297.4254,38:17.43,10,"5,1,2,8,9,7,4,6,3,0",5:29;1:32;2:28;8:25;9:18;7:12;4:19;6:10;3:36;0:12,"5:[4,5];1:[2,4,5];2:[4,7];8:[4,7];9:[7];7:[5];4:[4];6:[5];3:[2,4,7];0:[5]","c5:bw=29,experts=[4,5]; c1:bw=32,experts=[2,4,5]; c2:bw=28,experts=[4,7]; c8:bw=25,experts=[4,7]; c9:bw=18,experts=[7]; c7:bw=12,experts=[5]; c4:bw=19,experts=[4]; c6:bw=10,experts=[5]; c3:bw=36,experts=[2,4,7]; c0:bw=12,experts=[5]","6.4412,4.4373,3.8818,5.4878,3.6104,4.7388,6.9619,6.8910,5.3085,4.8015"
44,2026-09-20 07:08:50,Ours,0.01,4.471171836656497,1.0,14.31,7,53.7493,0:53.75,52.4639,0.1454,1.1356,2351.1958,39:11.20,10,"0,3,4,2,7,5,6,9,8,1",0:37;3:26;4:16;2:20;7:40;5:13;6:11;9:21;8:19;1:25,"0:[2,4,7];3:[4,6];4:[1];2:[4,6];7:[2,4,6,7];5:[7];6:[7];9:[2,4];8:[4];1:[4,7]","c0:bw=37,experts=[2,4,7]; c3:bw=26,experts=[4,6]; c4:bw=16,experts=[1]; c2:bw=20,experts=[4,6]; c7:bw=40,experts=[2,4,6,7]; c5:bw=13,experts=[7]; c6:bw=11,experts=[7]; c9:bw=21,experts=[2,4]; c8:bw=19,experts=[4]; c1:bw=25,experts=[4,7]","4.8389,5.2910,6.9387,3.8822,4.7696,6.3663,6.8470,3.6243,5.4749,4.4310"
45,2026-09-20 07:09:43,Ours,0.01,4.422631460226906,1.0,14.31,7,53.914,0:53.91,52.6333,0.1474,1.1322,2405.131,40:05.13,10,"8,0,3,4,7,2,9,6,5,1",8:31;0:20;3:37;4:36;7:20;2:27;9:14;6:10;5:25;1:31,"8:[2,4,6];0:[4,6];3:[2,4,6];4:[2,4,6];7:[4,6];2:[2,4];9:[4];6:[2];5:[4,6];1:[2,4,6]","c8:bw=31,experts=[2,4,6]; c0:bw=20,experts=[4,6]; c3:bw=37,experts=[2,4,6]; c4:bw=36,experts=[2,4,6]; c7:bw=20,experts=[4,6]; c2:bw=27,experts=[2,4]; c9:bw=14,experts=[4]; c6:bw=10,experts=[2]; c5:bw=25,experts=[4,6]; c1:bw=31,experts=[2,4,6]","5.5325,4.8343,5.3179,6.9920,4.7629,3.8715,3.5881,6.8687,6.4223,4.4432"
46,2026-09-20 07:10:37,Ours,0.01,4.397230086221528,1.0,14.31,7,53.9111,0:53.91,52.6189,0.148,1.1429,2459.0644,40:59.06,10,"9,3,6,1,4,5,2,8,0,7",9:20;3:15;6:21;1:23;4:35;5:23;2:32;8:22;0:30;7:16,"9:[4,6];3:[4];6:[4,6];1:[4,6];4:[2,4,6];5:[2,4];2:[2,4,6];8:[4,6];0:[1,2,4];7:[4]","c9:bw=20,experts=[4,6]; c3:bw=15,experts=[4]; c6:bw=21,experts=[4,6]; c1:bw=23,experts=[4,6]; c4:bw=35,experts=[2,4,6]; c5:bw=23,experts=[2,4]; c2:bw=32,experts=[2,4,6]; c8:bw=22,experts=[4,6]; c0:bw=30,experts=[1,2,4]; c7:bw=16,experts=[4]","3.6268,5.2946,6.9379,4.4196,7.0025,6.4176,3.8854,5.4865,4.8272,4.7208"
47,2026-09-20 07:11:31,Ours,0.01,4.399213723794066,1.0,14.31,7,53.7801,0:53.78,52.4938,0.1435,1.1415,2512.8671,41:52.87,10,"5,6,7,9,8,3,4,0,1,2",5:29;6:12;7:29;9:10;8:22;3:39;4:10;0:25;1:17;2:30,"5:[0,4];6:[4];7:[2,4];9:[4];8:[2,4];3:[2,4,6];4:[4];0:[2,4];1:[4];2:[2,4,6]","c5:bw=29,experts=[0,4]; c6:bw=12,experts=[4]; c7:bw=29,experts=[2,4]; c9:bw=10,experts=[4]; c8:bw=22,experts=[2,4]; c3:bw=39,experts=[2,4,6]; c4:bw=10,experts=[4]; c0:bw=25,experts=[2,4]; c1:bw=17,experts=[4]; c2:bw=30,experts=[2,4,6]","6.4754,6.8929,4.7458,3.6174,5.4909,5.2752,6.9257,4.7915,4.3951,3.8837"
48,2026-09-20 07:12:25,Ours,0.01,4.439570127245652,1.0,14.31,7,53.8699,0:53.87,52.5825,0.1467,1.1395,2566.7592,42:46.76,10,"1,8,4,2,9,6,5,7,0,3",1:28;8:28;4:37;2:31;9:29;6:25;5:31;7:35;0:10;3:10,"1:[0,4];8:[0,4];4:[0,2,4];2:[0,1,4];9:[0,4];6:[0,4];5:[2,4,6];7:[0,4,6];0:[0];3:[0]","c1:bw=28,experts=[0,4]; c8:bw=28,experts=[0,4]; c4:bw=37,experts=[0,2,4]; c2:bw=31,experts=[0,1,4]; c9:bw=29,experts=[0,4]; c6:bw=25,experts=[0,4]; c5:bw=31,experts=[2,4,6]; c7:bw=35,experts=[0,4,6]; c0:bw=10,experts=[0]; c3:bw=10,experts=[0]","4.4510,5.5179,7.0057,3.8906,3.6183,6.8771,6.4281,4.7507,4.8017,5.2416"
49,2026-09-20 07:13:19,Ours,0.01,4.487619496734825,1.0,14.31,7,53.8346,0:53.83,52.5317,0.1476,1.1541,2620.6171,43:40.62,10,"4,3,8,0,2,5,6,7,9,1",4:27;3:18;8:15;0:11;2:32;5:31;6:10;7:24;9:29;1:30,"4:[3,4];3:[1];8:[1];0:[4];2:[2,3,4];5:[1,4,6];6:[1];7:[1,4];9:[1,3];1:[1,4,6]","c4:bw=27,experts=[3,4]; c3:bw=18,experts=[1]; c8:bw=15,experts=[1]; c0:bw=11,experts=[4]; c2:bw=32,experts=[2,3,4]; c5:bw=31,experts=[1,4,6]; c6:bw=10,experts=[1]; c7:bw=24,experts=[1,4]; c9:bw=29,experts=[1,3]; c1:bw=30,experts=[1,4,6]","6.9843,5.2892,5.4721,4.7843,3.8950,6.4259,6.8464,4.7580,3.6331,4.4434"
50,2026-09-20 07:14:13,Ours,0.01,4.552508325338782,1.0,14.31,7,53.6997,0:53.70,52.4009,0.1434,1.1511,2674.3394,44:34.34,10,"8,4,7,6,2,1,3,0,9,5",8:18;4:10;7:19;6:38;2:35;1:36;3:22;0:16;9:15;5:17,"8:[3];4:[5];7:[3];6:[2,3,4];2:[2,4,5];1:[2,3,4];3:[3,5];0:[3];9:[5];5:[3]","c8:bw=18,experts=[3]; c4:bw=10,experts=[5]; c7:bw=19,experts=[3]; c6:bw=38,experts=[2,3,4]; c2:bw=35,experts=[2,4,5]; c1:bw=36,experts=[2,3,4]; c3:bw=22,experts=[3,5]; c0:bw=16,experts=[3]; c9:bw=15,experts=[5]; c5:bw=17,experts=[3]","5.4920,6.9497,4.7281,6.8761,3.8758,4.4304,5.2704,4.7948,3.6103,6.3732"
51,2026-09-20 07:15:06,Ours,0.01,4.522268457302998,1.0,14.31,7,53.7677,0:53.77,52.4788,0.1497,1.1381,2728.1295,45:28.13,10,"5,0,1,2,8,6,9,3,4,7",5:26;0:30;1:12;2:11;8:26;6:29;9:10;3:31;4:10;7:15,"5:[4,5];0:[2,4,5];1:[5];2:[7];8:[5,7];6:[4,5];9:[7];3:[2,4,7];4:[7];7:[5]","c5:bw=26,experts=[4,5]; c0:bw=30,experts=[2,4,5]; c1:bw=12,experts=[5]; c2:bw=11,experts=[7]; c8:bw=26,experts=[5,7]; c6:bw=29,experts=[4,5]; c9:bw=10,experts=[7]; c3:bw=31,experts=[2,4,7]; c4:bw=10,experts=[7]; c7:bw=15,experts=[5]","6.4393,4.8094,4.4194,3.8677,5.4533,6.9690,3.6072,5.2892,6.9024,4.7218"
52,2026-09-20 07:16:00,Ours,0.01,4.490833444323887,1.0,14.31,7,53.8795,0:53.88,52.5924,0.1437,1.1422,2782.0323,46:22.03,10,"0,8,5,7,1,4,9,6,2,3",0:26;8:10;5:13;7:19;1:22;4:18;9:17;6:28;2:16;3:24,"0:[4,7];8:[4];5:[7];7:[7];1:[4,7];4:[1];9:[2];6:[4,7];2:[4];3:[4,6]","c0:bw=26,experts=[4,7]; c8:bw=10,experts=[4]; c5:bw=13,experts=[7]; c7:bw=19,experts=[7]; c1:bw=22,experts=[4,7]; c4:bw=18,experts=[1]; c9:bw=17,experts=[2]; c6:bw=28,experts=[4,7]; c2:bw=16,experts=[4]; c3:bw=24,experts=[4,6]","4.8589,5.4639,6.4061,4.7232,4.4050,6.9391,3.7926,6.8659,3.8516,5.2861"
53,2026-09-20 07:16:54,Ours,0.01,4.400925325859485,1.0,14.31,7,53.8895,0:53.89,52.5982,0.1451,1.1449,2835.9449,47:15.94,10,"8,4,5,1,3,9,6,7,0,2",8:12;4:16;5:24;1:33;3:26;9:34;6:20;7:24;0:21;2:29,"8:[4];4:[4];5:[2,4];1:[2,4,6];3:[2,4];9:[2,4,6];6:[2,4];7:[2,4];0:[4,6];2:[4,6]","c8:bw=12,experts=[4]; c4:bw=16,experts=[4]; c5:bw=24,experts=[2,4]; c1:bw=33,experts=[2,4,6]; c3:bw=26,experts=[2,4]; c9:bw=34,experts=[2,4,6]; c6:bw=20,experts=[2,4]; c7:bw=24,experts=[2,4]; c0:bw=21,experts=[4,6]; c2:bw=29,experts=[4,6]","5.4934,6.9849,6.4170,4.4396,5.2839,3.6358,6.8840,4.7509,4.8226,3.8861"
54,2026-09-20 07:17:48,Ours,0.01,4.424411435614766,1.0,14.31,7,53.8935,0:53.89,52.5961,0.1499,1.1462,2889.8621,48:09.86,10,"2,1,8,7,3,0,6,5,9,4",2:10;1:29;8:31;7:34;3:17;0:20;6:30;5:10;9:28;4:18,"2:[4];1:[4,6];8:[2,4,6];7:[2,4,6];3:[4];0:[1,4];6:[2,4,6];5:[4];9:[2,4];4:[6]","c2:bw=10,experts=[4]; c1:bw=29,experts=[4,6]; c8:bw=31,experts=[2,4,6]; c7:bw=34,experts=[2,4,6]; c3:bw=17,experts=[4]; c0:bw=20,experts=[1,4]; c6:bw=30,experts=[2,4,6]; c5:bw=10,experts=[4]; c9:bw=28,experts=[2,4]; c4:bw=18,experts=[6]","3.9067,4.4591,5.5201,4.7613,5.2662,4.7941,6.9129,6.4095,3.6226,6.9435"
55,2026-09-20 07:18:42,Ours,0.01,4.402103829651235,1.0,14.31,7,53.9398,0:53.94,52.6576,0.1421,1.1388,2943.8267,49:03.83,10,"7,2,4,3,8,5,1,6,0,9",7:30;2:23;4:10;3:29;8:10;5:29;1:33;6:23;0:15;9:34,"7:[2,4,6];2:[2,4];4:[4];3:[2,4];8:[4];5:[0,4];1:[2,4,6];6:[4,6];0:[4];9:[2,4,6]","c7:bw=30,experts=[2,4,6]; c2:bw=23,experts=[2,4]; c4:bw=10,experts=[4]; c3:bw=29,experts=[2,4]; c8:bw=10,experts=[4]; c5:bw=29,experts=[0,4]; c1:bw=33,experts=[2,4,6]; c6:bw=23,experts=[4,6]; c0:bw=15,experts=[4]; c9:bw=34,experts=[2,4,6]","4.8283,3.9097,6.9545,5.2856,5.4817,6.4415,4.4485,6.8941,4.7803,3.6335"
56,2026-09-20 07:19:36,Ours,0.01,4.534271710846948,1.0,14.31,7,53.9072,0:53.91,52.6192,0.1469,1.1399,2997.758,49:57.76,10,"9,1,3,2,5,4,8,7,6,0",9:29;1:31;3:10;2:29;5:17;4:10;8:10;7:10;6:13;0:39,"9:[0,4];1:[0,4,6];3:[0];2:[0,1];5:[4];4:[0];8:[0];7:[0];6:[0];0:[0,4,6]","c9:bw=29,experts=[0,4]; c1:bw=31,experts=[0,4,6]; c3:bw=10,experts=[0]; c2:bw=29,experts=[0,1]; c5:bw=17,experts=[4]; c4:bw=10,experts=[0]; c8:bw=10,experts=[0]; c7:bw=10,experts=[0]; c6:bw=13,experts=[0]; c0:bw=39,experts=[0,4,6]","3.6772,4.4703,5.2931,3.8867,6.4172,6.9748,5.4884,4.7237,6.8721,4.8156"
57,2026-09-20 07:20:30,Ours,0.01,4.476052328083851,1.0,14.31,7,54.1014,0:54.10,52.8086,0.1474,1.1441,3051.8839,50:51.88,10,"3,8,6,1,7,0,5,4,2,9",3:35;8:24;6:27;1:27;7:38;0:39;5:24;4:23;2:18;9:11,"3:[1,2,4];8:[1,4];6:[1,4];1:[1,4];7:[1,2,4];0:[2,4,6];5:[1,6];4:[2,3];2:[3];9:[1]","c3:bw=35,experts=[1,2,4]; c8:bw=24,experts=[1,4]; c6:bw=27,experts=[1,4]; c1:bw=27,experts=[1,4]; c7:bw=38,experts=[1,2,4]; c0:bw=39,experts=[2,4,6]; c5:bw=24,experts=[1,6]; c4:bw=23,experts=[2,3]; c2:bw=18,experts=[3]; c9:bw=11,experts=[1]","5.3490,5.5237,6.9479,4.4478,4.7695,4.8541,6.4328,6.9857,3.8651,3.6329"
58,2026-09-20 07:21:24,Ours,0.01,4.481609498393075,1.0,14.31,7,53.9916,0:53.99,52.6784,0.1418,1.1701,3105.8999,51:45.90,10,"7,2,9,6,5,1,8,4,3,0",7:13;2:10;9:32;6:30;5:19;1:17;8:22;4:21;3:34;0:26,"7:[3];2:[5];9:[3,4,5];6:[3,4,6];5:[3];1:[3];8:[3,4];4:[4,5];3:[3,4,5];0:[3,4]","c7:bw=13,experts=[3]; c2:bw=10,experts=[5]; c9:bw=32,experts=[3,4,5]; c6:bw=30,experts=[3,4,6]; c5:bw=19,experts=[3]; c1:bw=17,experts=[3]; c8:bw=22,experts=[3,4]; c4:bw=21,experts=[4,5]; c3:bw=34,experts=[3,4,5]; c0:bw=26,experts=[3,4]","4.7677,3.8982,3.6807,6.9415,6.4286,4.4012,5.4754,6.9761,5.3090,4.8000"
59,2026-09-20 07:22:18,Ours,0.01,4.515188787948079,1.0,14.31,7,53.8032,0:53.80,52.5143,0.1468,1.1408,3159.7282,52:39.73,10,"2,8,9,6,1,4,7,5,0,3",2:20;8:31;9:15;6:11;1:36;4:14;7:15;5:18;0:29;3:20,"2:[4,7];8:[4,5,7];9:[7];6:[5];1:[4,5,6];4:[7];7:[5];5:[5];0:[4,5];3:[4,7]","c2:bw=20,experts=[4,7]; c8:bw=31,experts=[4,5,7]; c9:bw=15,experts=[7]; c6:bw=11,experts=[5]; c1:bw=36,experts=[4,5,6]; c4:bw=14,experts=[7]; c7:bw=15,experts=[5]; c5:bw=18,experts=[5]; c0:bw=29,experts=[4,5]; c3:bw=20,experts=[4,7]","3.9200,5.5190,3.6236,6.8704,4.4406,6.9382,4.7197,6.3914,4.8161,5.2752"
60,2026-09-20 07:23:12,Ours,0.01,4.4422964366425175,1.0,14.31,7,54.0237,0:54.02,52.7085,0.1476,1.1631,3213.7768,53:33.78,10,"0,7,4,2,5,8,6,9,1,3",0:29;7:26;4:17;2:17;5:18;8:14;6:33;9:10;1:30;3:24,"0:[4,7];7:[4,7];4:[1];2:[4];5:[7];8:[4];6:[4,6,7];9:[4];1:[2,4,7];3:[4,6]","c0:bw=29,experts=[4,7]; c7:bw=26,experts=[4,7]; c4:bw=17,experts=[1]; c2:bw=17,experts=[4]; c5:bw=18,experts=[7]; c8:bw=14,experts=[4]; c6:bw=33,experts=[4,6,7]; c9:bw=10,experts=[4]; c1:bw=30,experts=[2,4,7]; c3:bw=24,experts=[4,6]","4.8401,4.7561,6.9696,3.8972,6.4157,5.4989,6.9413,3.6330,4.4482,5.3084"
61,2026-09-20 07:24:06,Ours,0.01,4.413385039469771,1.0,14.31,7,54.0733,0:54.07,52.7459,0.1522,1.1739,3267.8758,54:27.88,10,"5,6,2,9,1,3,8,4,7,0",5:27;6:21;2:16;9:21;1:19;3:24;8:31;4:21;7:24;0:33,"5:[2,4];6:[4,6];2:[6];9:[4,6];1:[4];3:[2,4];8:[2,4,6];4:[4,6];7:[2,4];0:[2,4,6]","c5:bw=27,experts=[2,4]; c6:bw=21,experts=[4,6]; c2:bw=16,experts=[6]; c9:bw=21,experts=[4,6]; c1:bw=19,experts=[4]; c3:bw=24,experts=[2,4]; c8:bw=31,experts=[2,4,6]; c4:bw=21,experts=[4,6]; c7:bw=24,experts=[2,4]; c0:bw=33,experts=[2,4,6]","6.4514,6.9728,3.9007,3.6565,4.4384,5.2848,5.4910,6.9799,4.7415,4.8288"
62,2026-09-20 07:25:00,Ours,0.01,4.420975651032684,1.0,14.31,7,53.9445,0:53.94,52.6364,0.15,1.1569,3321.8463,55:21.85,10,"8,6,9,4,5,0,3,2,1,7",8:10;6:35;9:10;4:33;5:37;0:16;3:29;2:23;1:40;7:25,"8:[4];6:[2,4,6];9:[4];4:[2,4,6];5:[2,4,6];0:[1];3:[2,4];2:[2,4];1:[1,2,4,6];7:[2,4]","c8:bw=10,experts=[4]; c6:bw=35,experts=[2,4,6]; c9:bw=10,experts=[4]; c4:bw=33,experts=[2,4,6]; c5:bw=37,experts=[2,4,6]; c0:bw=16,experts=[1]; c3:bw=29,experts=[2,4]; c2:bw=23,experts=[2,4]; c1:bw=40,experts=[1,2,4,6]; c7:bw=25,experts=[2,4]","5.4873,6.9383,3.6301,6.9866,6.4241,4.7953,5.2908,3.8960,4.4482,4.7398"
63,2026-09-20 07:25:54,Ours,0.01,4.442916622550447,1.0,14.31,7,53.8383,0:53.84,52.5437,0.1455,1.1479,3375.7115,56:15.71,10,"5,9,6,3,8,1,7,0,2,4",5:10;9:12;6:19;3:29;8:18;1:28;7:38;0:23;2:15;4:29,"5:[0];9:[2];6:[4];3:[4,6];8:[4];1:[4,6];7:[2,4,6];0:[2,4];2:[4];4:[2,4]","c5:bw=10,experts=[0]; c9:bw=12,experts=[2]; c6:bw=19,experts=[4]; c3:bw=29,experts=[4,6]; c8:bw=18,experts=[4]; c1:bw=28,experts=[4,6]; c7:bw=38,experts=[2,4,6]; c0:bw=23,experts=[2,4]; c2:bw=15,experts=[4]; c4:bw=29,experts=[2,4]","6.4624,3.6350,6.8803,5.2875,5.4521,4.4128,4.7622,4.8212,3.8658,6.9643"
64,2026-09-20 07:26:48,Ours,0.01,4.468532799845721,1.0,14.31,7,54.1629,0:54.16,52.8519,0.1426,1.1671,3429.9006,57:09.90,10,"6,4,5,3,7,0,8,9,2,1",6:28;4:21;5:13;3:21;7:19;0:18;8:30;9:33;2:31;1:16,"6:[0,4];4:[0,4];5:[4];3:[0,4];7:[0];0:[0];8:[0,2,4];9:[0,4,6];2:[0,1,4];1:[0]","c6:bw=28,experts=[0,4]; c4:bw=21,experts=[0,4]; c5:bw=13,experts=[4]; c3:bw=21,experts=[0,4]; c7:bw=19,experts=[0]; c0:bw=18,experts=[0]; c8:bw=30,experts=[0,2,4]; c9:bw=33,experts=[0,4,6]; c2:bw=31,experts=[0,1,4]; c1:bw=16,experts=[0]","6.9656,7.0325,6.4464,5.2948,4.7510,4.8052,5.5030,3.6581,3.9655,4.4297"
65,2026-09-20 07:27:42,Ours,0.01,4.47375706290546,1.0,14.31,7,54.1257,0:54.13,52.8053,0.1486,1.1706,3484.0525,58:04.05,10,"7,5,4,6,8,3,0,2,1,9",7:10;5:16;4:32;6:28;8:37;3:24;0:23;2:16;1:32;9:26,"7:[1];5:[1];4:[3,4,6];6:[1,4];8:[1,2,4];3:[1,4];0:[2,4];2:[3];1:[2,4,6];9:[1,4]","c7:bw=10,experts=[1]; c5:bw=16,experts=[1]; c4:bw=32,experts=[3,4,6]; c6:bw=28,experts=[1,4]; c8:bw=37,experts=[1,2,4]; c3:bw=24,experts=[1,4]; c0:bw=23,experts=[2,4]; c2:bw=16,experts=[3]; c1:bw=32,experts=[2,4,6]; c9:bw=26,experts=[1,4]","4.7762,6.4282,7.0297,6.9004,5.5002,5.2943,4.8411,3.8987,4.4815,3.6550"
66,2026-09-20 07:28:36,Ours,0.01,4.494766156636203,1.0,14.31,7,54.0516,0:54.05,52.7478,0.1428,1.1598,3538.131,58:58.13,10,"2,5,1,8,9,6,4,0,3,7",2:23;5:10;1:30;8:13;9:17;6:16;4:23;0:21;3:37;7:28,"2:[4,5];5:[3];1:[3,4,6];8:[3];9:[3];6:[3];4:[4,5];0:[3,4];3:[3,4,5];7:[3,4]","c2:bw=23,experts=[4,5]; c5:bw=10,experts=[3]; c1:bw=30,experts=[3,4,6]; c8:bw=13,experts=[3]; c9:bw=17,experts=[3]; c6:bw=16,experts=[3]; c4:bw=23,experts=[4,5]; c0:bw=21,experts=[3,4]; c3:bw=37,experts=[3,4,5]; c7:bw=28,experts=[3,4]","3.9149,6.4589,4.4746,5.4825,3.6386,6.9042,6.9898,4.8408,5.2895,4.7540"
67,2026-09-20 07:29:31,Ours,0.01,4.46350726571128,1.0,14.31,7,54.0701,0:54.07,52.7629,0.1458,1.1602,3592.2288,59:52.23,10,"4,5,1,3,6,0,2,9,7,8",4:28;5:27;1:20;3:14;6:29;0:18;2:24;9:33;7:33;8:10,"4:[4,7];5:[4,5];1:[4,5];3:[7];6:[4,5];0:[5];2:[4,7];9:[4,5,7];7:[2,4,5];8:[5]","c4:bw=28,experts=[4,7]; c5:bw=27,experts=[4,5]; c1:bw=20,experts=[4,5]; c3:bw=14,experts=[7]; c6:bw=29,experts=[4,5]; c0:bw=18,experts=[5]; c2:bw=24,experts=[4,7]; c9:bw=33,experts=[4,5,7]; c7:bw=33,experts=[2,4,5]; c8:bw=10,experts=[5]","7.0437,6.4943,4.4584,5.2637,6.9110,4.8226,3.8680,3.6297,4.7742,5.4973"
68,2026-09-20 07:30:25,Ours,0.01,4.501654889103515,1.0,14.31,7,54.0859,0:54.09,52.7665,0.1472,1.171,3646.3424,1:00:46.34,10,"1,8,2,0,3,4,5,9,7,6",1:23;8:17;2:32;0:17;3:14;4:27;5:25;9:10;7:15;6:18,"1:[4,7];8:[7];2:[2,4,6];0:[7];3:[4];4:[1,4];5:[4,7];9:[4];7:[7];6:[7]","c1:bw=23,experts=[4,7]; c8:bw=17,experts=[7]; c2:bw=32,experts=[2,4,6]; c0:bw=17,experts=[7]; c3:bw=14,experts=[4]; c4:bw=27,experts=[1,4]; c5:bw=25,experts=[4,7]; c9:bw=10,experts=[4]; c7:bw=15,experts=[7]; c6:bw=18,experts=[7]","4.4563,5.5022,3.9059,4.8316,5.3073,7.0205,6.4529,3.6286,4.7560,6.9052"
69,2026-09-20 07:31:19,Ours,0.01,4.4023473178534696,1.0,14.31,7,54.2152,0:54.22,52.8917,0.1439,1.1783,3700.5855,1:01:40.59,10,"3,7,1,4,9,5,0,2,8,6",3:23;7:32;1:17;4:23;9:20;5:22;0:29;2:37;8:23;6:15,"3:[2,4];7:[2,4,6];1:[4];4:[4,6];9:[2,4];5:[2,4];0:[4,6];2:[2,4,6];8:[4,6];6:[4]","c3:bw=23,experts=[2,4]; c7:bw=32,experts=[2,4,6]; c1:bw=17,experts=[4]; c4:bw=23,experts=[4,6]; c9:bw=20,experts=[2,4]; c5:bw=22,experts=[2,4]; c0:bw=29,experts=[4,6]; c2:bw=37,experts=[2,4,6]; c8:bw=23,experts=[4,6]; c6:bw=15,experts=[4]","5.3504,4.8235,4.4375,7.0203,3.6420,6.4594,4.8418,3.9164,5.5108,6.8897"
70,2026-09-20 07:32:13,Ours,0.01,4.489507968184112,1.0,14.31,7,54.0772,0:54.08,52.7586,0.1481,1.1693,3754.6904,1:02:34.69,10,"1,9,7,3,0,6,2,4,5,8",1:13;9:10;7:16;3:18;0:17;6:14;2:31;4:32;5:13;8:27,"1:[1];9:[4];7:[4];3:[4];0:[1];6:[2];2:[2,4,6];4:[2,4,6];5:[6];8:[4,6]","c1:bw=13,experts=[1]; c9:bw=10,experts=[4]; c7:bw=16,experts=[4]; c3:bw=18,experts=[4]; c0:bw=17,experts=[1]; c6:bw=14,experts=[2]; c2:bw=31,experts=[2,4,6]; c4:bw=32,experts=[2,4,6]; c5:bw=13,experts=[6]; c8:bw=27,experts=[4,6]","4.4518,3.6556,4.7845,5.2791,4.8406,6.9045,3.9054,7.0086,6.4307,5.4979"
71,2026-09-20 07:33:07,Ours,0.01,4.423640976513279,1.0,14.31,7,54.0988,0:54.10,52.7909,0.1457,1.1609,3808.8196,1:03:28.82,10,"4,0,1,9,7,5,3,6,8,2",4:24;0:10;1:29;9:22;7:11;5:19;3:34;6:28;8:21;2:34,"4:[4,6];0:[4];1:[4,6];9:[4,6];7:[4];5:[0];3:[2,4,6];6:[4,6];8:[4,6];2:[2,4,6]","c4:bw=24,experts=[4,6]; c0:bw=10,experts=[4]; c1:bw=29,experts=[4,6]; c9:bw=22,experts=[4,6]; c7:bw=11,experts=[4]; c5:bw=19,experts=[0]; c3:bw=34,experts=[2,4,6]; c6:bw=28,experts=[4,6]; c8:bw=21,experts=[4,6]; c2:bw=34,experts=[2,4,6]","7.0383,4.8445,4.4752,3.6533,4.7524,6.4158,5.3049,6.9078,5.4950,3.9037"
72,2026-09-20 07:34:01,Ours,0.01,4.483588391665998,1.0,14.31,7,54.1341,0:54.13,52.8222,0.1447,1.166,3862.9815,1:04:22.98,10,"8,1,5,7,6,0,3,2,9,4",8:16;1:22;5:24;7:27;6:11;0:29;3:13;2:13;9:21;4:22,"8:[0];1:[0,4];5:[2,4];7:[0,4];6:[0];0:[0,4];3:[0];2:[0];9:[0,4];4:[0,4]","c8:bw=16,experts=[0]; c1:bw=22,experts=[0,4]; c5:bw=24,experts=[2,4]; c7:bw=27,experts=[0,4]; c6:bw=11,experts=[0]; c0:bw=29,experts=[0,4]; c3:bw=13,experts=[0]; c2:bw=13,experts=[0]; c9:bw=21,experts=[0,4]; c4:bw=22,experts=[0,4]","5.5295,4.4779,6.4947,4.7894,6.9166,4.8498,5.2688,3.8752,3.6584,6.9618"
73,2026-09-20 07:34:55,Ours,0.01,4.512105943133595,1.0,14.31,7,54.038,0:54.04,52.7257,0.1509,1.1601,3917.0483,1:05:17.05,10,"2,8,3,1,5,9,0,7,6,4",2:26;8:10;3:22;1:37;5:10;9:29;0:16;7:20;6:11;4:23,"2:[1,3];8:[1];3:[1,4];1:[2,4,6];5:[1];9:[1,4];0:[2];7:[1,4];6:[1];4:[3,4]","c2:bw=26,experts=[1,3]; c8:bw=10,experts=[1]; c3:bw=22,experts=[1,4]; c1:bw=37,experts=[2,4,6]; c5:bw=10,experts=[1]; c9:bw=29,experts=[1,4]; c0:bw=16,experts=[2]; c7:bw=20,experts=[1,4]; c6:bw=11,experts=[1]; c4:bw=23,experts=[3,4]","3.9179,5.5101,5.3201,4.4816,6.4288,3.6451,4.8087,4.7579,6.8778,6.9777"
74,2026-09-20 07:35:49,Ours,0.01,4.516744313313423,1.0,14.31,7,54.0638,0:54.06,52.7684,0.1433,1.1509,3971.1416,1:06:11.14,10,"3,0,1,5,7,8,6,2,4,9",3:10;0:22;1:15;5:28;7:36;8:16;6:10;2:10;4:26;9:18,"3:[3];0:[3,4];1:[3];5:[3,4];7:[2,3,4];8:[2];6:[3];2:[5];4:[4,5];9:[3]","c3:bw=10,experts=[3]; c0:bw=22,experts=[3,4]; c1:bw=15,experts=[3]; c5:bw=28,experts=[3,4]; c7:bw=36,experts=[2,3,4]; c8:bw=16,experts=[2]; c6:bw=10,experts=[3]; c2:bw=10,experts=[5]; c4:bw=26,experts=[4,5]; c9:bw=18,experts=[3]","5.3385,4.8571,4.4515,6.4580,4.7862,5.4961,6.8905,3.8717,6.9754,3.6432"
75,2026-09-20 07:36:43,Ours,0.01,4.467674535660268,1.0,14.31,7,53.9816,0:53.98,52.6948,0.1457,1.1399,4025.1522,1:07:05.15,10,"2,9,1,3,7,6,5,4,0,8",2:22;9:34;1:30;3:11;7:16;6:31;5:17;4:31;0:34;8:30,"2:[4,7];9:[4,5,7];1:[2,4,5];3:[5];7:[5];6:[4,5,6];5:[5];4:[2,4,7];0:[2,4,5];8:[3,4,5]","c2:bw=22,experts=[4,7]; c9:bw=34,experts=[4,5,7]; c1:bw=30,experts=[2,4,5]; c3:bw=11,experts=[5]; c7:bw=16,experts=[5]; c6:bw=31,experts=[4,5,6]; c5:bw=17,experts=[5]; c4:bw=31,experts=[2,4,7]; c0:bw=34,experts=[2,4,5]; c8:bw=30,experts=[3,4,5]","3.9243,3.6565,4.4409,5.2940,4.8122,6.9261,6.3904,6.9506,4.8252,5.4745"
76,2026-09-20 07:37:38,Ours,0.01,4.489996744791037,1.0,14.31,7,54.0226,0:54.02,52.7286,0.147,1.1458,4079.2044,1:07:59.20,10,"8,5,0,3,2,6,7,4,9,1",8:16;5:21;0:17;3:10;2:14;6:13;7:37;4:34;9:32;1:30,"8:[7];5:[4,7];0:[7];3:[7];2:[4];6:[7];7:[4,6,7];4:[1,2,4];9:[2,4,6];1:[4,6,7]","c8:bw=16,experts=[7]; c5:bw=21,experts=[4,7]; c0:bw=17,experts=[7]; c3:bw=10,experts=[7]; c2:bw=14,experts=[4]; c6:bw=13,experts=[7]; c7:bw=37,experts=[4,6,7]; c4:bw=34,experts=[1,2,4]; c9:bw=32,experts=[2,4,6]; c1:bw=30,experts=[4,6,7]","5.5061,6.4649,4.8270,5.2731,3.8726,6.8911,4.7698,7.0179,3.6536,4.4525"
77,2026-09-20 07:38:32,Ours,0.01,4.401107605561938,1.0,14.31,7,54.0311,0:54.03,52.7322,0.1437,1.154,4133.265,1:08:53.27,10,"9,2,1,8,4,7,6,0,3,5",9:16;2:19;1:35;8:10;4:10;7:10;6:32;0:35;3:22;5:33,"9:[4];2:[4];1:[2,4,6];8:[4];4:[4];7:[4];6:[2,4,6];0:[2,4,6];3:[2,4];5:[2,4,6]","c9:bw=16,experts=[4]; c2:bw=19,experts=[4]; c1:bw=35,experts=[2,4,6]; c8:bw=10,experts=[4]; c4:bw=10,experts=[4]; c7:bw=10,experts=[4]; c6:bw=32,experts=[2,4,6]; c0:bw=35,experts=[2,4,6]; c3:bw=22,experts=[2,4]; c5:bw=33,experts=[2,4,6]","3.6579,3.9184,4.4709,5.5031,6.9576,4.7450,6.8928,4.8296,5.2971,6.4597"
78,2026-09-20 07:39:26,Ours,0.01,4.4246139440454035,1.0,14.31,7,54.2339,0:54.23,52.9247,0.1473,1.1606,4187.5289,1:09:47.53,10,"0,4,3,7,8,1,9,6,5,2",0:15;4:13;3:21;7:20;8:30;1:23;9:17;6:32;5:35;2:19,"0:[1];4:[4];3:[2,4];7:[2,4];8:[2,4,6];1:[1,4];9:[4];6:[2,4,6];5:[2,4,6];2:[4]","c0:bw=15,experts=[1]; c4:bw=13,experts=[4]; c3:bw=21,experts=[2,4]; c7:bw=20,experts=[2,4]; c8:bw=30,experts=[2,4,6]; c1:bw=23,experts=[1,4]; c9:bw=17,experts=[4]; c6:bw=32,experts=[2,4,6]; c5:bw=35,experts=[2,4,6]; c2:bw=19,experts=[4]","4.8672,7.0112,5.3303,4.7965,5.5239,4.4542,3.6453,6.9565,6.4575,3.8821"
79,2026-09-20 07:40:20,Ours,0.01,4.439392334180978,1.0,14.31,7,54.1511,0:54.15,52.8646,0.1452,1.1402,4241.7096,1:10:41.71,10,"6,9,0,4,7,8,5,3,1,2",6:12;9:10;0:20;4:40;7:25;8:25;5:29;3:15;1:21;2:18,"6:[4];9:[4];0:[2,4];4:[1,2,4,6];7:[2,4];8:[4,6];5:[0,4];3:[6];1:[4,6];2:[2]","c6:bw=12,experts=[4]; c9:bw=10,experts=[4]; c0:bw=20,experts=[2,4]; c4:bw=40,experts=[1,2,4,6]; c7:bw=25,experts=[2,4]; c8:bw=25,experts=[4,6]; c5:bw=29,experts=[0,4]; c3:bw=15,experts=[6]; c1:bw=21,experts=[4,6]; c2:bw=18,experts=[2]","6.9368,3.6517,4.8581,7.0746,4.7736,5.5214,6.4484,5.2783,4.4384,3.8830"
80,2026-09-20 07:41:14,Ours,0.01,4.458502213197176,1.0,14.31,7,54.2069,0:54.21,52.8862,0.1455,1.174,4295.9467,1:11:35.95,10,"5,9,7,1,3,4,2,0,6,8",5:36;9:29;7:26;1:17;3:17;4:32;2:24;0:26;6:22;8:28,"5:[2,4,6];9:[0,4];7:[0,4];1:[0];3:[0];4:[0,4,6];2:[0,6];0:[0,4];6:[0,4];8:[0,4]","c5:bw=36,experts=[2,4,6]; c9:bw=29,experts=[0,4]; c7:bw=26,experts=[0,4]; c1:bw=17,experts=[0]; c3:bw=17,experts=[0]; c4:bw=32,experts=[0,4,6]; c2:bw=24,experts=[0,6]; c0:bw=26,experts=[0,4]; c6:bw=22,experts=[0,4]; c8:bw=28,experts=[0,4]","6.5095,3.6644,4.8076,4.4543,5.2947,6.9921,3.8968,4.8322,6.9253,5.5092"
81,2026-09-20 07:42:08,Ours,0.01,4.465691952349512,1.0,14.31,7,54.1559,0:54.16,52.8526,0.1485,1.1536,4350.1335,1:12:30.13,10,"6,2,3,1,4,5,9,7,8,0",6:29;2:25;3:37;1:27;4:23;5:17;9:15;7:32;8:26;0:28,"6:[1,4];2:[1,3];3:[1,2,4];1:[4,6];4:[3,4];5:[1];9:[1];7:[1,4,6];8:[1,4];0:[2,4]","c6:bw=29,experts=[1,4]; c2:bw=25,experts=[1,3]; c3:bw=37,experts=[1,2,4]; c1:bw=27,experts=[4,6]; c4:bw=23,experts=[3,4]; c5:bw=17,experts=[1]; c9:bw=15,experts=[1]; c7:bw=32,experts=[1,4,6]; c8:bw=26,experts=[1,4]; c0:bw=28,experts=[2,4]","6.9726,3.9263,5.3406,4.4610,7.0156,6.4158,3.6283,4.7635,5.5002,4.8287"
82,2026-09-20 07:43:03,Ours,0.01,4.466548508317989,1.0,14.31,7,54.1726,0:54.17,52.8693,0.1427,1.1593,4404.3377,1:13:24.34,10,"1,0,6,8,7,3,2,9,5,4",1:36;0:17;6:20;8:32;7:22;3:22;2:16;9:31;5:22;4:16,"1:[2,3,4];0:[3];6:[3,4];8:[2,4,6];7:[3,4];3:[3,4];2:[5];9:[2,3,4];5:[3,4];4:[5]","c1:bw=36,experts=[2,3,4]; c0:bw=17,experts=[3]; c6:bw=20,experts=[3,4]; c8:bw=32,experts=[2,4,6]; c7:bw=22,experts=[3,4]; c3:bw=22,experts=[3,4]; c2:bw=16,experts=[5]; c9:bw=31,experts=[2,3,4]; c5:bw=22,experts=[3,4]; c4:bw=16,experts=[5]","4.4946,4.8548,6.9325,5.5317,4.7654,5.3035,3.8946,3.6471,6.4686,6.9765"
83,2026-09-20 07:43:57,Ours,0.01,4.512253142423934,1.0,14.31,7,54.0705,0:54.07,52.756,0.1462,1.167,4458.4392,1:14:18.44,10,"9,4,2,7,5,0,6,1,8,3",9:29;4:10;2:23;7:21;5:10;0:10;6:29;1:35;8:22;3:24,"9:[5,7];4:[7];2:[4,7];7:[4,5];5:[5];0:[5];6:[4,5];1:[2,4,5];8:[3,5];3:[4,5]","c9:bw=29,experts=[5,7]; c4:bw=10,experts=[7]; c2:bw=23,experts=[4,7]; c7:bw=21,experts=[4,5]; c5:bw=10,experts=[5]; c0:bw=10,experts=[5]; c6:bw=29,experts=[4,5]; c1:bw=35,experts=[2,4,5]; c8:bw=22,experts=[3,5]; c3:bw=24,experts=[4,5]","3.6635,7.0039,3.9164,4.7768,6.4294,4.7931,6.9262,4.4456,5.4956,5.3055"
84,2026-09-20 07:44:51,Ours,0.01,4.504637525482993,1.0,14.31,7,54.0237,0:54.02,52.7125,0.1491,1.1607,4512.4939,1:15:12.49,10,"8,3,1,6,9,2,7,5,4,0",8:37;3:18;1:32;6:10;9:11;2:20;7:26;5:11;4:15;0:10,"8:[4,6,7];3:[7];1:[4,6,7];6:[7];9:[6];2:[2,4];7:[4,7];5:[7];4:[4];0:[7]","c8:bw=37,experts=[4,6,7]; c3:bw=18,experts=[7]; c1:bw=32,experts=[4,6,7]; c6:bw=10,experts=[7]; c9:bw=11,experts=[6]; c2:bw=20,experts=[2,4]; c7:bw=26,experts=[4,7]; c5:bw=11,experts=[7]; c4:bw=15,experts=[4]; c0:bw=10,experts=[7]","5.5567,5.3083,4.4799,6.9063,3.6350,3.8847,4.7557,6.4059,6.9690,4.8109"
85,2026-09-20 07:45:45,Ours,0.01,4.399687129104095,1.0,14.31,7,54.0784,0:54.08,52.7786,0.142,1.1566,4566.6033,1:16:06.60,10,"0,2,8,6,1,4,9,3,5,7",0:21;2:25;8:39;6:23;1:31;4:23;9:32;3:28;5:10;7:10,"0:[4,6];2:[2,4];8:[2,4,6];6:[2,4];1:[2,4,6];4:[2,4];9:[2,4,6];3:[2,4];5:[4];7:[4]","c0:bw=21,experts=[4,6]; c2:bw=25,experts=[2,4]; c8:bw=39,experts=[2,4,6]; c6:bw=23,experts=[2,4]; c1:bw=31,experts=[2,4,6]; c4:bw=23,experts=[2,4]; c9:bw=32,experts=[2,4,6]; c3:bw=28,experts=[2,4]; c5:bw=10,experts=[4]; c7:bw=10,experts=[4]","4.8817,3.8901,5.5443,6.9262,4.4497,6.9914,3.6480,5.2903,6.4153,4.7416"
86,2026-09-20 07:46:39,Ours,0.01,4.423681704325509,1.0,14.31,7,54.1791,0:54.18,52.8931,0.1469,1.1379,4620.8142,1:17:00.81,10,"5,8,2,6,0,4,7,3,1,9",5:26;8:15;2:13;6:31;0:17;4:10;7:24;3:15;1:40;9:24,"5:[4,6];8:[4];2:[4];6:[2,4,6];0:[1];4:[4];7:[2,4];3:[4];1:[1,2,4,6];9:[2,4]","c5:bw=26,experts=[4,6]; c8:bw=15,experts=[4]; c2:bw=13,experts=[4]; c6:bw=31,experts=[2,4,6]; c0:bw=17,experts=[1]; c4:bw=10,experts=[4]; c7:bw=24,experts=[2,4]; c3:bw=15,experts=[4]; c1:bw=40,experts=[1,2,4,6]; c9:bw=24,experts=[2,4]","6.5184,5.5095,3.9810,6.9553,4.8155,6.9546,4.7490,5.2750,4.4857,3.6491"
87,2026-09-20 07:47:33,Ours,0.01,4.447596094562746,1.0,14.31,7,53.9838,0:53.98,52.695,0.1451,1.1426,4674.8298,1:17:54.83,10,"1,2,7,5,6,3,4,9,8,0",1:16;2:37;7:12;5:10;6:33;3:38;4:19;9:21;8:26;0:19,"1:[4];2:[2,4,6];7:[4];5:[0];6:[2,4,6];3:[2,4,6];4:[1];9:[4,6];8:[2,4];0:[4]","c1:bw=16,experts=[4]; c2:bw=37,experts=[2,4,6]; c7:bw=12,experts=[4]; c5:bw=10,experts=[0]; c6:bw=33,experts=[2,4,6]; c3:bw=38,experts=[2,4,6]; c4:bw=19,experts=[1]; c9:bw=21,experts=[4,6]; c8:bw=26,experts=[2,4]; c0:bw=19,experts=[4]","4.4497,3.9249,4.7614,6.4358,6.9307,5.3105,6.9482,3.6319,5.4874,4.8145"
88,2026-09-20 07:48:27,Ours,0.01,4.520189962583066,1.0,14.31,7,54.0861,0:54.09,52.7757,0.1439,1.1653,4728.9478,1:18:48.95,10,"8,6,3,7,0,4,9,1,5,2",8:24;6:15;3:18;7:23;0:34;4:21;9:17;1:16;5:17;2:25,"8:[0,4];6:[0];3:[0];7:[0,4];0:[0,2,4];4:[0,6];9:[0];1:[0];5:[2];2:[0,4]","c8:bw=24,experts=[0,4]; c6:bw=15,experts=[0]; c3:bw=18,experts=[0]; c7:bw=23,experts=[0,4]; c0:bw=34,experts=[0,2,4]; c4:bw=21,experts=[0,6]; c9:bw=17,experts=[0]; c1:bw=16,experts=[0]; c5:bw=17,experts=[2]; c2:bw=25,experts=[0,4]","5.5245,6.9392,5.3206,4.7822,4.8375,6.9736,3.6445,4.4336,6.4244,3.8956"
89,2026-09-20 07:49:21,Ours,0.01,4.5032553260937345,1.0,14.31,7,54.024,0:54.02,52.7322,0.1481,1.1424,4783.0046,1:19:43.00,10,"3,8,2,9,7,5,0,6,4,1",3:17;8:40;2:25;9:34;7:12;5:25;0:10;6:18;4:17;1:23,"3:[1];8:[1,2,4,6];2:[1,3];9:[1,4,6];7:[1];5:[1,4];0:[4];6:[1];4:[3];1:[4,6]","c3:bw=17,experts=[1]; c8:bw=40,experts=[1,2,4,6]; c2:bw=25,experts=[1,3]; c9:bw=34,experts=[1,4,6]; c7:bw=12,experts=[1]; c5:bw=25,experts=[1,4]; c0:bw=10,experts=[4]; c6:bw=18,experts=[1]; c4:bw=17,experts=[3]; c1:bw=23,experts=[4,6]","5.2806,5.5701,3.9093,3.6518,4.7424,6.4532,4.8154,6.8846,6.9810,4.4439"
90,2026-09-20 07:50:15,Ours,0.01,4.477432462223683,1.0,14.31,7,54.0921,0:54.09,52.8072,0.1442,1.1393,4837.1298,1:20:37.13,10,"7,1,3,9,0,6,2,5,8,4",7:40;1:17;3:20;9:35;0:35;6:14;2:12;5:15;8:28;4:20,"7:[2,3,4,6];1:[3];3:[3,4];9:[3,4,6];0:[3,4,6];6:[3];2:[5];5:[3];8:[4,6];4:[4,5]","c7:bw=40,experts=[2,3,4,6]; c1:bw=17,experts=[3]; c3:bw=20,experts=[3,4]; c9:bw=35,experts=[3,4,6]; c0:bw=35,experts=[3,4,6]; c6:bw=14,experts=[3]; c2:bw=12,experts=[5]; c5:bw=15,experts=[3]; c8:bw=28,experts=[4,6]; c4:bw=20,experts=[4,5]","4.8414,4.4627,5.3122,3.6595,4.8410,6.8823,3.8838,6.4250,5.5018,6.9975"
91,2026-09-20 07:51:09,Ours,0.01,4.501260828061416,1.0,14.31,7,53.9474,0:53.95,52.6587,0.146,1.1415,4891.1102,1:21:31.11,10,"1,9,5,7,3,4,0,6,2,8",1:28;9:19;5:29;7:29;3:22;4:30;0:12;6:16;2:10;8:13,"1:[4,5];9:[5];5:[4,5];7:[4,5];3:[4,5];4:[4,6,7];0:[5];6:[5];2:[7];8:[3]","c1:bw=28,experts=[4,5]; c9:bw=19,experts=[5]; c5:bw=29,experts=[4,5]; c7:bw=29,experts=[4,5]; c3:bw=22,experts=[4,5]; c4:bw=30,experts=[4,6,7]; c0:bw=12,experts=[5]; c6:bw=16,experts=[5]; c2:bw=10,experts=[7]; c8:bw=13,experts=[3]","4.4830,3.6514,6.4647,4.7620,5.2977,7.0037,4.8149,6.8564,3.8465,5.4784"
92,2026-09-20 07:52:04,Ours,0.01,4.505305806371962,1.0,14.31,7,54.0766,0:54.08,52.7884,0.148,1.139,4945.2201,1:22:25.22,10,"3,7,1,0,8,6,9,2,5,4",3:16;7:19;1:11;0:16;8:11;6:25;9:31;2:14;5:37;4:15,"3:[7];7:[7];1:[7];0:[7];8:[5];6:[4,7];9:[2,4,7];2:[4];5:[2,4,7];4:[4]","c3:bw=16,experts=[7]; c7:bw=19,experts=[7]; c1:bw=11,experts=[7]; c0:bw=16,experts=[7]; c8:bw=11,experts=[5]; c6:bw=25,experts=[4,7]; c9:bw=31,experts=[2,4,7]; c2:bw=14,experts=[4]; c5:bw=37,experts=[2,4,7]; c4:bw=15,experts=[4]","5.3304,4.7877,4.4553,4.8470,5.4991,6.8942,3.6391,3.8841,6.4713,6.9803"
93,2026-09-20 07:52:58,Ours,0.01,4.448426219570798,1.0,14.31,7,54.0233,0:54.02,52.7277,0.1426,1.1518,4999.2767,1:23:19.28,10,"1,3,7,9,6,8,5,4,0,2",1:26;3:17;7:12;9:32;6:12;8:10;5:10;4:18;0:10;2:28,"1:[2,4];3:[4];7:[4];9:[2,4,6];6:[4];8:[7];5:[4];4:[2];0:[4];2:[4,6]","c1:bw=26,experts=[2,4]; c3:bw=17,experts=[4]; c7:bw=12,experts=[4]; c9:bw=32,experts=[2,4,6]; c6:bw=12,experts=[4]; c8:bw=10,experts=[7]; c5:bw=10,experts=[4]; c4:bw=18,experts=[2]; c0:bw=10,experts=[4]; c2:bw=28,experts=[4,6]","4.5074,5.3406,4.7780,3.6501,6.9019,5.4838,6.4230,6.9619,4.8012,3.8797"
94,2026-09-20 07:53:52,Ours,0.01,4.401860309349834,1.0,14.31,7,54.1358,0:54.14,52.8473,0.1468,1.1405,5053.4457,1:24:13.45,10,"7,2,5,4,6,9,1,8,0,3",7:25;2:36;5:23;4:17;6:17;9:28;1:39;8:10;0:31;3:19,"7:[4,6];2:[2,4,6];5:[4,6];4:[4];6:[4];9:[2,4];1:[1,2,4];8:[4];0:[1,2,4];3:[4]","c7:bw=25,experts=[4,6]; c2:bw=36,experts=[2,4,6]; c5:bw=23,experts=[4,6]; c4:bw=17,experts=[4]; c6:bw=17,experts=[4]; c9:bw=28,experts=[2,4]; c1:bw=39,experts=[1,2,4]; c8:bw=10,experts=[4]; c0:bw=31,experts=[1,2,4]; c3:bw=19,experts=[4]","4.8163,3.9224,6.4863,6.9818,6.9008,3.6519,4.4789,5.4922,4.8431,5.2735"
95,2026-09-20 07:54:46,Ours,0.01,4.487660694577647,1.0,14.31,7,54.1264,0:54.13,52.8185,0.1448,1.1619,5107.6058,1:25:07.61,10,"7,9,4,6,0,3,1,8,2,5",7:33;9:23;4:10;6:22;0:19;3:23;1:17;8:40;2:13;5:10,"7:[2,4,6];9:[2,4];4:[1];6:[2,6];0:[4];3:[2,6];1:[4];8:[1,2,4,6];2:[4];5:[0]","c7:bw=33,experts=[2,4,6]; c9:bw=23,experts=[2,4]; c4:bw=10,experts=[1]; c6:bw=22,experts=[2,6]; c0:bw=19,experts=[4]; c3:bw=23,experts=[2,6]; c1:bw=17,experts=[4]; c8:bw=40,experts=[1,2,4,6]; c2:bw=13,experts=[4]; c5:bw=10,experts=[0]","4.8049,3.6490,6.9941,6.9327,4.8334,5.3049,4.4321,5.5180,3.8880,6.4614"
96,2026-09-20 07:55:40,Ours,0.01,4.42144365596628,1.0,14.31,7,54.1832,0:54.18,52.8784,0.1435,1.16,5161.8224,1:26:01.82,10,"2,9,3,1,5,4,6,7,0,8",2:36;9:25;3:25;1:20;5:33;4:27;6:17;7:28;0:20;8:36,"2:[0,4,6];9:[0,4];3:[0,4];1:[0,4];5:[2,4,6];4:[0,4];6:[0];7:[0,4];0:[0,4];8:[0,4,6]","c2:bw=36,experts=[0,4,6]; c9:bw=25,experts=[0,4]; c3:bw=25,experts=[0,4]; c1:bw=20,experts=[0,4]; c5:bw=33,experts=[2,4,6]; c4:bw=27,experts=[0,4]; c6:bw=17,experts=[0]; c7:bw=28,experts=[0,4]; c0:bw=20,experts=[0,4]; c8:bw=36,experts=[0,4,6]","3.9424,3.6746,5.3387,4.4929,6.5084,6.9804,6.8768,4.7580,4.8302,5.4760"
97,2026-09-20 07:56:34,Ours,0.01,4.461382112474823,1.0,14.31,7,54.075,0:54.07,52.7815,0.1491,1.1432,5215.9325,1:26:55.93,10,"0,9,8,4,7,1,3,5,6,2",0:23;9:24;8:24;4:10;7:17;1:28;3:19;5:26;6:28;2:30,"0:[2,4];9:[1,4];8:[2,4];4:[3];7:[1];1:[4,6];3:[1];5:[1,4];6:[1,4];2:[1,3,4]","c0:bw=23,experts=[2,4]; c9:bw=24,experts=[1,4]; c8:bw=24,experts=[2,4]; c4:bw=10,experts=[3]; c7:bw=17,experts=[1]; c1:bw=28,experts=[4,6]; c3:bw=19,experts=[1]; c5:bw=26,experts=[1,4]; c6:bw=28,experts=[1,4]; c2:bw=30,experts=[1,3,4]","4.8782,3.6630,5.5211,6.9898,4.7597,4.4348,5.2612,6.4418,6.9224,3.9095"
98,2026-09-20 07:57:28,Ours,0.01,4.513778885829487,1.0,14.31,7,54.0405,0:54.04,52.7591,0.142,1.1382,5270.008,1:27:50.01,10,"4,8,9,7,6,5,0,3,1,2",4:29;8:30;9:15;7:13;6:20;5:27;0:19;3:14;1:15;2:13,"4:[4,5];8:[2,4,6];9:[3];7:[3];6:[3,4];5:[3,4];0:[3];3:[3];1:[3];2:[5]","c4:bw=29,experts=[4,5]; c8:bw=30,experts=[2,4,6]; c9:bw=15,experts=[3]; c7:bw=13,experts=[3]; c6:bw=20,experts=[3,4]; c5:bw=27,experts=[3,4]; c0:bw=19,experts=[3]; c3:bw=14,experts=[3]; c1:bw=15,experts=[3]; c2:bw=13,experts=[5]","7.0419,5.5468,3.6501,4.7641,6.9061,6.4518,4.8123,5.2714,4.4302,3.8845"
99,2026-09-20 07:58:22,Ours,0.01,4.529264221998387,1.0,14.31,7,54.0415,0:54.04,52.7562,0.1448,1.1393,5324.0838,1:28:44.08,10,"8,5,7,1,3,9,4,0,2,6",8:19;5:27;7:25;1:33;3:21;9:11;4:14;0:22;2:17;6:19,"8:[3];5:[4,5];7:[4,5];1:[4,5,6];3:[4,5];9:[5];4:[6];0:[5,6];2:[7];6:[5]","c8:bw=19,experts=[3]; c5:bw=27,experts=[4,5]; c7:bw=25,experts=[4,5]; c1:bw=33,experts=[4,5,6]; c3:bw=21,experts=[4,5]; c9:bw=11,experts=[5]; c4:bw=14,experts=[6]; c0:bw=22,experts=[5,6]; c2:bw=17,experts=[7]; c6:bw=19,experts=[5]","5.5392,6.4836,4.7927,4.4751,5.2975,3.6224,6.9821,4.8056,3.8706,6.8873"
100,2026-09-20 07:59:17,Ours,0.01,4.464315562865989,1.0,14.31,7,54.2035,0:54.20,52.9082,0.1481,1.146,5378.3228,1:29:38.32,10,"2,8,9,5,6,1,4,7,3,0",2:17;8:25;9:29;5:10;6:25;1:10;4:36;7:10;3:23;0:36,"2:[4];8:[4,5];9:[4,7];5:[7];6:[4,7];1:[7];4:[2,4,7];7:[7];3:[4,7];0:[2,4,7]","c2:bw=17,experts=[4]; c8:bw=25,experts=[4,5]; c9:bw=29,experts=[4,7]; c5:bw=10,experts=[7]; c6:bw=25,experts=[4,7]; c1:bw=10,experts=[7]; c4:bw=36,experts=[2,4,7]; c7:bw=10,experts=[7]; c3:bw=23,experts=[4,7]; c0:bw=36,experts=[2,4,7]","3.9304,5.5631,3.6686,6.4249,6.9562,4.4414,7.0254,4.7551,5.2926,4.8506"
