Round,Client,BudgetK,NumBatches,NumSamples,StopBatches,Certified,Agree,Agree1,Agree2,Agree4,Agree8,Agree16
1,1,2,66,4218,16,0,1.0,0.0,0.0,1.0,1.0,1.0
1,0,1,72,4573,16,0,1.0,1.0,1.0,1.0,1.0,1.0
1,7,2,71,4512,16,0,1.0,0.0,0.0,1.0,1.0,1.0
1,2,2,58,3656,16,0,1.0,1.0,1.0,1.0,1.0,1.0
2,0,3,72,4573,16,0,1.0,1.0,1.0,1.0,1.0,1.0
2,4,3,105,6664,16,0,1.0,1.0,1.0,1.0,1.0,1.0
2,6,1,103,6582,1,1,1.0,1.0,1.0,1.0,1.0,1.0
2,2,2,58,3656,16,0,1.0,1.0,1.0,1.0,1.0,1.0
3,8,3,82,5219,16,0,1.0,0.0,1.0,1.0,1.0,1.0
3,5,1,96,6137,1,1,1.0,1.0,1.0,1.0,1.0,1.0
3,3,2,79,5018,16,0,1.0,1.0,1.0,1.0,1.0,1.0
3,7,3,71,4512,16,0,1.0,1.0,1.0,1.0,1.0,1.0
3,1,1,66,4218,1,1,1.0,1.0,1.0,1.0,1.0,1.0
4,8,3,82,5219,16,0,1.0,1.0,1.0,1.0,1.0,1.0
4,3,3,79,5018,16,0,1.0,0.0,1.0,1.0,1.0,1.0
4,9,2,54,3421,16,0,1.0,1.0,1.0,1.0,1.0,1.0
5,1,2,66,4218,16,0,1.0,1.0,1.0,1.0,1.0,1.0
5,8,3,82,5219,16,0,1.0,1.0,1.0,1.0,1.0,1.0
5,7,2,71,4512,16,0,1.0,1.0,1.0,1.0,1.0,1.0
5,2,1,58,3656,1,1,1.0,1.0,1.0,1.0,1.0,1.0
6,5,2,96,6137,16,0,1.0,1.0,1.0,1.0,1.0,1.0
6,3,3,79,5018,16,0,1.0,1.0,1.0,1.0,1.0,1.0
6,1,3,66,4218,16,0,1.0,1.0,1.0,1.0,1.0,1.0
6,0,3,72,4573,16,0,1.0,1.0,1.0,1.0,1.0,1.0
6,4,1,105,6664,1,1,1.0,1.0,1.0,1.0,1.0,1.0
6,6,2,103,6582,16,0,1.0,1.0,1.0,1.0,1.0,1.0
7,0,3,72,4573,16,0,1.0,0.0,1.0,1.0,1.0,1.0
7,6,1,103,6582,1,1,1.0,1.0,1.0,1.0,1.0,1.0
7,3,2,79,5018,16,0,1.0,1.0,1.0,1.0,1.0,1.0
7,7,3,71,4512,16,0,1.0,1.0,1.0,1.0,1.0,1.0
7,4,1,105,6664,1,1,1.0,1.0,1.0,1.0,1.0,1.0
7,1,1,66,4218,1,1,1.0,1.0,1.0,1.0,1.0,1.0
7,9,1,54,3421,1,1,1.0,1.0,1.0,1.0,1.0,1.0
8,4,1,105,6664,1,1,1.0,1.0,1.0,1.0,1.0,1.0
8,8,3,82,5219,16,0,1.0,1.0,1.0,1.0,1.0,1.0
8,3,3,79,5018,16,0,1.0,0.0,0.0,1.0,1.0,1.0
8,0,3,72,4573,16,0,1.0,1.0,1.0,1.0,1.0,1.0
8,5,2,96,6137,16,0,1.0,1.0,1.0,1.0,1.0,1.0
8,7,1,71,4512,1,1,1.0,1.0,1.0,1.0,1.0,1.0
9,2,2,58,3656,16,0,1.0,1.0,1.0,1.0,1.0,1.0
9,9,2,54,3421,16,0,1.0,1.0,1.0,1.0,1.0,1.0
9,8,1,82,5219,1,1,1.0,1.0,1.0,1.0,1.0,1.0
9,6,3,103,6582,16,0,1.0,1.0,0.0,1.0,1.0,1.0
9,1,1,66,4218,1,1,1.0,1.0,1.0,1.0,1.0,1.0
9,3,2,79,5018,16,0,1.0,1.0,1.0,1.0,1.0,1.0
10,4,3,105,6664,16,0,1.0,1.0,1.0,1.0,1.0,1.0
10,2,3,58,3656,16,0,1.0,1.0,1.0,1.0,1.0,1.0
10,7,3,71,4512,16,0,1.0,1.0,1.0,1.0,1.0,1.0
10,8,3,82,5219,16,0,1.0,1.0,1.0,1.0,1.0,1.0
10,9,3,54,3421,16,0,1.0,1.0,1.0,1.0,1.0,1.0
11,5,2,96,6137,16,0,1.0,1.0,1.0,1.0,1.0,1.0
11,2,2,58,3656,16,0,1.0,1.0,1.0,1.0,1.0,1.0
11,0,2,72,4573,16,0,1.0,1.0,1.0,1.0,1.0,1.0
11,8,3,82,5219,16,0,1.0,1.0,1.0,1.0,1.0,1.0
11,9,3,54,3421,16,0,1.0,1.0,1.0,1.0,1.0,1.0
11,4,1,105,6664,1,1,1.0,1.0,1.0,1.0,1.0,1.0
12,4,2,105,6664,16,0,1.0,1.0,1.0,1.0,1.0,1.0
12,3,3,79,5018,16,0,1.0,0.0,1.0,1.0,1.0,1.0
12,7,3,71,4512,16,0,1.0,1.0,1.0,1.0,1.0,1.0
12,6,2,103,6582,16,0,1.0,1.0,1.0,1.0,1.0,1.0
13,3,3,79,5018,16,0,1.0,0.0,0.0,1.0,1.0,1.0
13,4,1,105,6664,1,1,1.0,1.0,1.0,1.0,1.0,1.0
13,5,2,96,6137,16,0,1.0,1.0,1.0,1.0,1.0,1.0
13,8,1,82,5219,1,1,1.0,1.0,1.0,1.0,1.0,1.0
13,6,3,103,6582,16,0,0.0,1.0,1.0,1.0,0.0,0.0
13,9,1,54,3421,1,1,1.0,1.0,1.0,1.0,1.0,1.0
13,0,2,72,4573,16,0,1.0,1.0,1.0,1.0,1.0,1.0
13,2,1,58,3656,1,1,1.0,1.0,1.0,1.0,1.0,1.0
14,4,1,105,6664,1,1,1.0,1.0,1.0,1.0,1.0,1.0
14,1,3,66,4218,16,0,1.0,1.0,1.0,1.0,1.0,1.0
14,7,2,71,4512,16,0,1.0,1.0,1.0,1.0,1.0,1.0
14,0,2,72,4573,16,0,1.0,1.0,1.0,1.0,1.0,1.0
14,9,3,54,3421,16,0,1.0,1.0,1.0,1.0,1.0,1.0
14,8,2,82,5219,16,0,1.0,1.0,1.0,1.0,1.0,1.0
15,0,2,72,4573,16,0,1.0,1.0,1.0,1.0,1.0,1.0
15,1,1,66,4218,1,1,1.0,1.0,1.0,1.0,1.0,1.0
15,3,1,79,5018,1,1,1.0,1.0,1.0,1.0,1.0,1.0
15,5,1,96,6137,1,1,1.0,1.0,1.0,1.0,1.0,1.0
15,9,1,54,3421,1,1,1.0,1.0,1.0,1.0,1.0,1.0
15,6,3,103,6582,16,0,1.0,0.0,1.0,1.0,1.0,1.0
16,1,2,66,4218,16,0,1.0,1.0,1.0,1.0,1.0,1.0
16,7,2,71,4512,16,0,1.0,1.0,1.0,1.0,1.0,1.0
16,4,3,105,6664,16,0,1.0,1.0,1.0,1.0,1.0,1.0
16,9,2,54,3421,16,0,1.0,1.0,1.0,1.0,1.0,1.0
17,7,2,71,4512,16,0,1.0,1.0,1.0,1.0,1.0,1.0
17,8,1,82,5219,1,1,1.0,1.0,1.0,1.0,1.0,1.0
17,5,1,96,6137,1,1,1.0,1.0,1.0,1.0,1.0,1.0
17,1,2,66,4218,16,0,1.0,1.0,1.0,1.0,1.0,1.0
17,0,1,72,4573,1,1,1.0,1.0,1.0,1.0,1.0,1.0
17,2,1,58,3656,1,1,1.0,1.0,1.0,1.0,1.0,1.0
17,9,3,54,3421,16,0,1.0,1.0,1.0,1.0,1.0,1.0
17,6,3,103,6582,16,0,1.0,1.0,1.0,1.0,1.0,1.0
18,1,1,66,4218,1,1,1.0,1.0,1.0,1.0,1.0,1.0
18,8,1,82,5219,1,1,1.0,1.0,1.0,1.0,1.0,1.0
18,5,3,96,6137,16,0,1.0,1.0,1.0,1.0,1.0,1.0
18,2,3,58,3656,16,0,1.0,1.0,1.0,1.0,1.0,1.0
18,9,1,54,3421,1,1,1.0,1.0,1.0,1.0,1.0,1.0
18,3,3,79,5018,16,0,1.0,1.0,1.0,1.0,1.0,1.0
18,6,3,103,6582,16,0,1.0,1.0,1.0,1.0,1.0,1.0
19,9,3,54,3421,16,0,1.0,1.0,1.0,1.0,1.0,1.0
19,5,2,96,6137,16,0,1.0,1.0,1.0,1.0,1.0,1.0
19,7,2,71,4512,16,0,1.0,1.0,1.0,1.0,1.0,1.0
19,2,1,58,3656,1,1,1.0,1.0,1.0,1.0,1.0,1.0
20,0,2,72,4573,16,0,1.0,1.0,1.0,1.0,1.0,1.0
20,9,1,54,3421,1,1,1.0,1.0,1.0,1.0,1.0,1.0
20,3,1,79,5018,1,1,1.0,1.0,1.0,1.0,1.0,1.0
20,5,1,96,6137,1,1,1.0,1.0,1.0,1.0,1.0,1.0
21,2,3,58,3656,16,0,1.0,1.0,1.0,1.0,1.0,1.0
21,7,1,71,4512,1,1,1.0,1.0,1.0,1.0,1.0,1.0
21,8,1,82,5219,1,1,1.0,1.0,1.0,1.0,1.0,1.0
21,5,3,96,6137,16,0,1.0,0.0,0.0,1.0,1.0,1.0
21,3,1,79,5018,1,1,1.0,1.0,1.0,1.0,1.0,1.0
21,6,1,103,6582,1,1,1.0,1.0,1.0,1.0,1.0,1.0
21,9,2,54,3421,16,0,1.0,1.0,1.0,1.0,1.0,1.0
22,7,1,71,4512,1,1,1.0,1.0,1.0,1.0,1.0,1.0
22,9,3,54,3421,16,0,1.0,1.0,1.0,1.0,1.0,1.0
22,1,1,66,4218,1,1,1.0,1.0,1.0,1.0,1.0,1.0
22,5,1,96,6137,1,1,1.0,1.0,1.0,1.0,1.0,1.0
22,4,3,105,6664,16,0,1.0,0.0,0.0,1.0,1.0,1.0
22,8,3,82,5219,16,0,1.0,1.0,0.0,0.0,1.0,1.0
23,7,1,71,4512,1,1,1.0,1.0,1.0,1.0,1.0,1.0
23,6,1,103,6582,1,1,1.0,1.0,1.0,1.0,1.0,1.0
23,8,3,82,5219,16,0,1.0,1.0,1.0,1.0,1.0,1.0
23,3,1,79,5018,1,1,1.0,1.0,1.0,1.0,1.0,1.0
23,2,3,58,3656,16,0,1.0,1.0,0.0,1.0,0.0,1.0
23,0,1,72,4573,1,1,1.0,1.0,1.0,1.0,1.0,1.0
24,6,3,103,6582,16,0,1.0,0.0,0.0,0.0,0.0,1.0
24,4,1,105,6664,1,1,1.0,1.0,1.0,1.0,1.0,1.0
24,7,1,71,4512,1,1,1.0,1.0,1.0,1.0,1.0,1.0
24,1,1,66,4218,1,1,1.0,1.0,1.0,1.0,1.0,1.0
24,5,2,96,6137,16,0,1.0,1.0,1.0,1.0,1.0,1.0
24,8,1,82,5219,1,1,1.0,1.0,1.0,1.0,1.0,1.0
24,3,1,79,5018,1,1,1.0,1.0,1.0,1.0,1.0,1.0
24,0,3,72,4573,16,0,1.0,1.0,1.0,1.0,1.0,1.0
25,6,1,103,6582,1,1,1.0,1.0,1.0,1.0,1.0,1.0
25,3,1,79,5018,1,1,1.0,1.0,1.0,1.0,1.0,1.0
25,2,1,58,3656,1,1,1.0,1.0,1.0,1.0,1.0,1.0
26,6,3,103,6582,16,0,1.0,0.0,0.0,0.0,1.0,1.0
26,7,3,71,4512,16,0,0.0,1.0,1.0,0.0,0.0,0.0
26,1,3,66,4218,16,0,1.0,0.0,0.0,1.0,1.0,1.0
26,5,2,96,6137,16,0,1.0,1.0,1.0,1.0,1.0,1.0
26,2,3,58,3656,16,0,1.0,1.0,1.0,0.0,0.0,1.0
26,0,1,72,4573,1,1,1.0,1.0,1.0,1.0,1.0,1.0
27,4,1,105,6664,1,1,1.0,1.0,1.0,1.0,1.0,1.0
27,0,3,72,4573,16,0,1.0,0.0,0.0,0.0,0.0,1.0
27,9,1,54,3421,1,1,1.0,1.0,1.0,1.0,1.0,1.0
27,2,2,58,3656,16,0,1.0,1.0,1.0,1.0,1.0,1.0
27,3,2,79,5018,16,0,1.0,1.0,1.0,1.0,1.0,1.0
27,5,3,96,6137,16,0,1.0,1.0,1.0,1.0,1.0,1.0
28,6,2,103,6582,16,0,1.0,1.0,1.0,1.0,1.0,1.0
28,8,2,82,5219,16,0,1.0,1.0,1.0,1.0,1.0,1.0
28,2,1,58,3656,1,1,1.0,1.0,1.0,1.0,1.0,1.0
28,5,3,96,6137,16,0,1.0,0.0,0.0,0.0,1.0,1.0
28,1,2,66,4218,16,0,1.0,1.0,1.0,1.0,1.0,1.0
28,3,1,79,5018,1,1,1.0,1.0,1.0,1.0,1.0,1.0
28,4,1,105,6664,1,1,1.0,1.0,1.0,1.0,1.0,1.0
28,7,1,71,4512,1,1,1.0,1.0,1.0,1.0,1.0,1.0
29,4,3,105,6664,16,0,1.0,1.0,1.0,1.0,1.0,1.0
29,1,3,66,4218,16,0,1.0,1.0,1.0,1.0,1.0,1.0
29,8,3,82,5219,16,0,1.0,1.0,1.0,1.0,1.0,1.0
29,7,2,71,4512,16,0,1.0,1.0,1.0,1.0,1.0,1.0
29,3,3,79,5018,16,0,1.0,0.0,1.0,1.0,1.0,1.0
29,2,1,58,3656,1,1,1.0,1.0,1.0,1.0,1.0,1.0
29,5,3,96,6137,16,0,1.0,1.0,1.0,0.0,0.0,1.0
30,1,3,66,4218,16,0,1.0,1.0,1.0,1.0,1.0,1.0
30,0,1,72,4573,1,1,1.0,1.0,1.0,1.0,1.0,1.0
30,6,1,103,6582,1,1,1.0,1.0,1.0,1.0,1.0,1.0
30,7,1,71,4512,1,1,1.0,1.0,1.0,1.0,1.0,1.0
30,2,2,58,3656,16,0,1.0,1.0,1.0,1.0,1.0,1.0
31,6,2,103,6582,16,0,1.0,1.0,1.0,1.0,1.0,1.0
31,4,1,105,6664,1,1,1.0,1.0,1.0,1.0,1.0,1.0
31,1,3,66,4218,16,0,1.0,1.0,1.0,1.0,1.0,1.0
31,8,3,82,5219,16,0,1.0,1.0,1.0,1.0,1.0,1.0
31,3,2,79,5018,16,0,1.0,1.0,1.0,1.0,1.0,1.0
31,2,1,58,3656,1,1,1.0,1.0,1.0,1.0,1.0,1.0
32,8,2,82,5219,16,0,1.0,1.0,1.0,1.0,1.0,1.0
32,5,3,96,6137,16,0,1.0,1.0,1.0,1.0,1.0,1.0
32,1,2,66,4218,16,0,1.0,1.0,1.0,1.0,1.0,1.0
32,3,2,79,5018,16,0,1.0,1.0,1.0,1.0,1.0,1.0
32,6,2,103,6582,16,0,1.0,1.0,1.0,1.0,1.0,1.0
32,9,3,54,3421,16,0,1.0,0.0,1.0,1.0,1.0,1.0
33,1,3,66,4218,16,0,1.0,1.0,1.0,1.0,1.0,1.0
33,6,3,103,6582,16,0,1.0,1.0,1.0,1.0,1.0,1.0
33,5,2,96,6137,16,0,1.0,1.0,1.0,1.0,1.0,1.0
33,2,2,58,3656,16,0,1.0,1.0,1.0,1.0,1.0,1.0
34,0,2,72,4573,16,0,1.0,1.0,1.0,1.0,1.0,1.0
34,7,3,71,4512,16,0,1.0,1.0,1.0,1.0,1.0,1.0
35,4,3,105,6664,16,0,1.0,0.0,1.0,1.0,1.0,1.0
35,0,2,72,4573,16,0,1.0,1.0,1.0,1.0,1.0,1.0
35,1,3,66,4218,16,0,1.0,1.0,1.0,1.0,1.0,1.0
35,9,2,54,3421,16,0,1.0,1.0,1.0,1.0,1.0,1.0
35,3,2,79,5018,16,0,1.0,1.0,1.0,1.0,1.0,1.0
36,9,3,54,3421,16,0,1.0,1.0,1.0,1.0,1.0,1.0
36,0,3,72,4573,16,0,1.0,1.0,1.0,1.0,1.0,1.0
36,7,2,71,4512,16,0,1.0,1.0,1.0,1.0,1.0,1.0
36,1,1,66,4218,1,1,1.0,1.0,1.0,1.0,1.0,1.0
37,1,1,66,4218,1,1,1.0,1.0,1.0,1.0,1.0,1.0
37,5,3,96,6137,16,0,1.0,1.0,1.0,1.0,1.0,1.0
37,2,3,58,3656,16,0,1.0,1.0,1.0,1.0,1.0,1.0
37,4,3,105,6664,16,0,1.0,1.0,1.0,1.0,1.0,1.0
37,3,3,79,5018,16,0,1.0,1.0,1.0,1.0,1.0,1.0
37,8,1,82,5219,1,1,1.0,1.0,1.0,1.0,1.0,1.0
38,6,1,103,6582,1,1,1.0,1.0,1.0,1.0,1.0,1.0
38,1,3,66,4218,16,0,1.0,1.0,1.0,1.0,1.0,1.0
38,5,1,96,6137,1,1,1.0,1.0,1.0,1.0,1.0,1.0
38,2,1,58,3656,1,1,1.0,1.0,1.0,1.0,1.0,1.0
38,3,3,79,5018,16,0,1.0,1.0,1.0,1.0,1.0,1.0
38,9,2,54,3421,16,0,1.0,1.0,1.0,1.0,1.0,1.0
39,3,2,79,5018,16,0,1.0,1.0,1.0,1.0,1.0,1.0
39,0,1,72,4573,1,1,1.0,1.0,1.0,1.0,1.0,1.0
39,6,3,103,6582,16,0,1.0,1.0,1.0,1.0,1.0,1.0
39,2,3,58,3656,16,0,1.0,1.0,1.0,1.0,1.0,1.0
39,4,3,105,6664,16,0,1.0,1.0,1.0,1.0,1.0,1.0
39,9,2,54,3421,16,0,1.0,1.0,1.0,1.0,1.0,1.0
40,8,2,82,5219,16,0,1.0,1.0,1.0,1.0,1.0,1.0
40,5,3,96,6137,16,0,1.0,1.0,1.0,1.0,1.0,1.0
40,3,1,79,5018,1,1,1.0,1.0,1.0,1.0,1.0,1.0
40,4,1,105,6664,1,1,1.0,1.0,1.0,1.0,1.0,1.0
40,0,3,72,4573,16,0,1.0,1.0,1.0,1.0,1.0,1.0
41,6,1,103,6582,1,1,1.0,1.0,1.0,1.0,1.0,1.0
41,1,1,66,4218,1,1,1.0,1.0,1.0,1.0,1.0,1.0
41,0,1,72,4573,1,1,1.0,1.0,1.0,1.0,1.0,1.0
42,6,3,103,6582,16,0,1.0,1.0,1.0,1.0,1.0,1.0
42,0,1,72,4573,1,1,1.0,1.0,1.0,1.0,1.0,1.0
42,7,2,71,4512,16,0,1.0,1.0,1.0,1.0,1.0,1.0
43,9,3,54,3421,16,0,1.0,1.0,1.0,1.0,1.0,1.0
43,7,2,71,4512,16,0,1.0,1.0,1.0,1.0,1.0,1.0
43,4,3,105,6664,16,0,1.0,1.0,1.0,1.0,1.0,1.0
43,6,1,103,6582,1,1,1.0,1.0,1.0,1.0,1.0,1.0
43,0,2,72,4573,16,0,1.0,1.0,1.0,1.0,1.0,1.0
44,4,2,105,6664,16,0,1.0,1.0,1.0,1.0,1.0,1.0
44,2,3,58,3656,16,0,1.0,1.0,1.0,1.0,1.0,1.0
44,5,2,96,6137,16,0,1.0,1.0,1.0,1.0,1.0,1.0
44,6,2,103,6582,16,0,1.0,1.0,1.0,1.0,1.0,1.0
44,9,3,54,3421,16,0,1.0,1.0,1.0,1.0,1.0,1.0
44,8,3,82,5219,16,0,1.0,0.0,1.0,1.0,1.0,1.0
45,0,3,72,4573,16,0,1.0,1.0,0.0,1.0,1.0,1.0
45,7,3,71,4512,16,0,1.0,1.0,1.0,1.0,1.0,1.0
45,9,2,54,3421,16,0,1.0,1.0,1.0,1.0,1.0,1.0
45,6,1,103,6582,1,1,1.0,1.0,1.0,1.0,1.0,1.0
46,9,3,54,3421,16,0,1.0,1.0,1.0,1.0,1.0,1.0
46,3,2,79,5018,16,0,1.0,1.0,1.0,1.0,1.0,1.0
46,6,3,103,6582,16,0,1.0,1.0,1.0,1.0,1.0,1.0
46,8,3,82,5219,16,0,1.0,1.0,1.0,1.0,1.0,1.0
46,7,2,71,4512,16,0,1.0,1.0,1.0,1.0,1.0,1.0
47,6,2,103,6582,16,0,1.0,1.0,1.0,1.0,1.0,1.0
47,9,1,54,3421,1,1,1.0,1.0,1.0,1.0,1.0,1.0
47,8,3,82,5219,16,0,1.0,1.0,1.0,1.0,1.0,1.0
47,4,1,105,6664,1,1,1.0,1.0,1.0,1.0,1.0,1.0
47,1,3,66,4218,16,0,1.0,1.0,1.0,1.0,1.0,1.0
48,0,1,72,4573,1,1,1.0,1.0,1.0,1.0,1.0,1.0
48,3,1,79,5018,1,1,1.0,1.0,1.0,1.0,1.0,1.0
49,3,3,79,5018,16,0,1.0,1.0,1.0,1.0,1.0,1.0
49,8,2,82,5219,16,0,1.0,1.0,1.0,1.0,1.0,1.0
49,0,2,72,4573,16,0,1.0,1.0,1.0,1.0,1.0,1.0
49,6,1,103,6582,1,1,1.0,1.0,1.0,1.0,1.0,1.0
50,8,3,82,5219,16,0,1.0,1.0,1.0,1.0,1.0,1.0
50,4,1,105,6664,1,1,1.0,1.0,1.0,1.0,1.0,1.0
50,7,3,71,4512,16,0,1.0,1.0,1.0,1.0,1.0,1.0
50,3,3,79,5018,16,0,1.0,1.0,1.0,1.0,1.0,1.0
50,0,2,72,4573,16,0,1.0,1.0,1.0,1.0,1.0,1.0
50,9,2,54,3421,16,0,1.0,1.0,1.0,1.0,1.0,1.0
50,5,3,96,6137,16,0,1.0,1.0,1.0,1.0,1.0,1.0
51,1,2,66,4218,16,0,1.0,1.0,1.0,1.0,1.0,1.0
51,2,2,58,3656,16,0,1.0,1.0,1.0,1.0,1.0,1.0
51,9,1,54,3421,1,1,1.0,1.0,1.0,1.0,1.0,1.0
51,4,1,105,6664,1,1,1.0,1.0,1.0,1.0,1.0,1.0
51,7,2,71,4512,16,0,1.0,1.0,1.0,1.0,1.0,1.0
52,8,1,82,5219,1,1,1.0,1.0,1.0,1.0,1.0,1.0
52,5,2,96,6137,16,0,1.0,1.0,1.0,1.0,1.0,1.0
52,7,3,71,4512,16,0,1.0,1.0,1.0,1.0,1.0,1.0
52,4,3,105,6664,16,0,1.0,1.0,1.0,1.0,1.0,1.0
52,9,3,54,3421,16,0,1.0,1.0,1.0,1.0,1.0,1.0
52,2,2,58,3656,16,0,1.0,1.0,1.0,1.0,1.0,1.0
53,8,2,82,5219,16,0,1.0,1.0,1.0,1.0,1.0,1.0
53,4,2,105,6664,16,0,1.0,1.0,1.0,1.0,1.0,1.0
53,6,3,103,6582,16,0,1.0,1.0,1.0,1.0,1.0,1.0
53,0,3,72,4573,16,0,1.0,1.0,1.0,1.0,1.0,1.0
54,2,1,58,3656,1,1,1.0,1.0,1.0,1.0,1.0,1.0
54,3,3,79,5018,16,0,1.0,1.0,0.0,1.0,1.0,1.0
54,0,3,72,4573,16,0,1.0,1.0,0.0,1.0,1.0,1.0
54,5,1,96,6137,1,1,1.0,1.0,1.0,1.0,1.0,1.0
54,4,3,105,6664,16,0,1.0,1.0,1.0,1.0,1.0,1.0
55,4,1,105,6664,1,1,1.0,1.0,1.0,1.0,1.0,1.0
55,8,1,82,5219,1,1,1.0,1.0,1.0,1.0,1.0,1.0
55,0,2,72,4573,16,0,1.0,0.0,1.0,1.0,1.0,1.0
56,3,1,79,5018,1,1,1.0,1.0,1.0,1.0,1.0,1.0
56,5,3,96,6137,16,0,1.0,1.0,1.0,1.0,1.0,1.0
56,4,1,105,6664,1,1,1.0,1.0,1.0,1.0,1.0,1.0
56,8,1,82,5219,1,1,1.0,1.0,1.0,1.0,1.0,1.0
56,7,1,71,4512,1,1,1.0,1.0,1.0,1.0,1.0,1.0
56,6,2,103,6582,16,0,1.0,1.0,1.0,1.0,1.0,1.0
57,2,3,58,3656,16,0,1.0,1.0,1.0,1.0,1.0,1.0
57,9,1,54,3421,1,1,1.0,1.0,1.0,1.0,1.0,1.0
58,7,2,71,4512,16,0,1.0,1.0,1.0,1.0,1.0,1.0
58,2,1,58,3656,1,1,1.0,1.0,1.0,1.0,1.0,1.0
58,5,3,96,6137,16,0,1.0,1.0,1.0,1.0,1.0,1.0
58,1,3,66,4218,16,0,1.0,1.0,1.0,1.0,1.0,1.0
58,4,3,105,6664,16,0,1.0,0.0,1.0,1.0,1.0,1.0
59,2,3,58,3656,16,0,1.0,1.0,1.0,1.0,1.0,1.0
59,9,2,54,3421,16,0,1.0,1.0,1.0,1.0,1.0,1.0
59,6,1,103,6582,1,1,1.0,1.0,1.0,1.0,1.0,1.0
59,4,2,105,6664,16,0,1.0,1.0,1.0,1.0,1.0,1.0
59,7,2,71,4512,16,0,1.0,1.0,1.0,1.0,1.0,1.0
59,5,3,96,6137,16,0,1.0,1.0,1.0,1.0,1.0,1.0
59,3,3,79,5018,16,0,1.0,1.0,1.0,1.0,1.0,1.0
60,4,3,105,6664,16,0,1.0,1.0,1.0,1.0,1.0,1.0
60,2,3,58,3656,16,0,1.0,1.0,1.0,1.0,1.0,1.0
60,5,3,96,6137,16,0,1.0,1.0,1.0,1.0,1.0,1.0
60,8,2,82,5219,16,0,1.0,1.0,1.0,1.0,1.0,1.0
60,9,1,54,3421,1,1,1.0,1.0,1.0,1.0,1.0,1.0
61,6,3,103,6582,16,0,1.0,1.0,1.0,1.0,1.0,1.0
61,2,2,58,3656,16,0,1.0,1.0,1.0,1.0,1.0,1.0
61,9,3,54,3421,16,0,1.0,1.0,1.0,1.0,1.0,1.0
61,1,3,66,4218,16,0,1.0,1.0,1.0,1.0,1.0,1.0
61,4,3,105,6664,16,0,1.0,1.0,1.0,1.0,1.0,1.0
62,8,1,82,5219,1,1,1.0,1.0,1.0,1.0,1.0,1.0
62,9,1,54,3421,1,1,1.0,1.0,1.0,1.0,1.0,1.0
62,0,2,72,4573,16,0,1.0,1.0,1.0,1.0,1.0,1.0
63,5,1,96,6137,1,1,1.0,1.0,1.0,1.0,1.0,1.0
63,9,2,54,3421,16,0,1.0,1.0,1.0,1.0,1.0,1.0
63,6,3,103,6582,16,0,1.0,1.0,1.0,1.0,1.0,1.0
63,8,3,82,5219,16,0,1.0,1.0,1.0,1.0,1.0,1.0
63,2,2,58,3656,16,0,1.0,1.0,1.0,1.0,1.0,1.0
64,4,3,105,6664,16,0,1.0,1.0,1.0,1.0,1.0,1.0
64,5,2,96,6137,16,0,1.0,1.0,1.0,1.0,1.0,1.0
64,3,3,79,5018,16,0,1.0,1.0,1.0,1.0,1.0,1.0
64,7,3,71,4512,16,0,1.0,1.0,1.0,1.0,1.0,1.0
64,0,3,72,4573,16,0,1.0,1.0,1.0,1.0,1.0,1.0
64,1,2,66,4218,16,0,1.0,1.0,1.0,1.0,1.0,1.0
65,7,1,71,4512,1,1,1.0,1.0,1.0,1.0,1.0,1.0
65,5,2,96,6137,16,0,1.0,1.0,1.0,1.0,1.0,1.0
65,2,2,58,3656,16,0,1.0,1.0,1.0,1.0,1.0,1.0
66,5,1,96,6137,1,1,1.0,1.0,1.0,1.0,1.0,1.0
66,8,2,82,5219,16,0,1.0,1.0,1.0,1.0,1.0,1.0
66,9,3,54,3421,16,0,1.0,1.0,1.0,1.0,1.0,1.0
66,6,3,103,6582,16,0,1.0,1.0,1.0,1.0,1.0,1.0
66,0,3,72,4573,16,0,1.0,1.0,1.0,1.0,1.0,1.0
67,1,3,66,4218,16,0,1.0,1.0,1.0,1.0,1.0,1.0
67,3,2,79,5018,16,0,1.0,0.0,1.0,1.0,1.0,1.0
67,0,3,72,4573,16,0,1.0,1.0,1.0,1.0,1.0,1.0
67,8,1,82,5219,1,1,1.0,1.0,1.0,1.0,1.0,1.0
68,8,3,82,5219,16,0,1.0,1.0,1.0,1.0,1.0,1.0
68,0,3,72,4573,16,0,1.0,1.0,0.0,0.0,1.0,1.0
68,3,2,79,5018,16,0,1.0,0.0,1.0,1.0,1.0,1.0
68,9,1,54,3421,1,1,1.0,1.0,1.0,1.0,1.0,1.0
68,7,2,71,4512,16,0,1.0,1.0,1.0,0.0,0.0,1.0
68,6,3,103,6582,16,0,1.0,1.0,1.0,1.0,1.0,1.0
69,1,3,66,4218,16,0,1.0,1.0,1.0,1.0,1.0,1.0
69,9,3,54,3421,16,0,1.0,1.0,1.0,1.0,1.0,1.0
69,5,3,96,6137,16,0,1.0,1.0,1.0,1.0,1.0,1.0
69,6,2,103,6582,16,0,1.0,1.0,1.0,1.0,1.0,1.0
70,1,2,66,4218,16,0,1.0,1.0,1.0,1.0,1.0,1.0
70,9,1,54,3421,1,1,1.0,1.0,1.0,1.0,1.0,1.0
70,7,2,71,4512,16,0,1.0,1.0,1.0,1.0,1.0,1.0
70,3,3,79,5018,16,0,1.0,1.0,1.0,1.0,1.0,1.0
70,0,3,72,4573,16,0,1.0,1.0,1.0,1.0,1.0,1.0
70,6,2,103,6582,16,0,1.0,1.0,1.0,1.0,1.0,1.0
70,5,2,96,6137,16,0,1.0,1.0,1.0,1.0,1.0,1.0
71,0,1,72,4573,1,1,1.0,1.0,1.0,1.0,1.0,1.0
71,7,2,71,4512,16,0,1.0,1.0,1.0,1.0,1.0,1.0
71,5,3,96,6137,16,0,1.0,1.0,1.0,1.0,1.0,1.0
71,8,3,82,5219,16,0,1.0,1.0,1.0,1.0,1.0,1.0
72,8,3,82,5219,16,0,1.0,1.0,1.0,1.0,1.0,1.0
72,1,3,66,4218,16,0,1.0,1.0,1.0,1.0,1.0,1.0
72,6,1,103,6582,1,1,1.0,1.0,1.0,1.0,1.0,1.0
72,3,2,79,5018,16,0,1.0,1.0,1.0,1.0,1.0,1.0
72,2,2,58,3656,16,0,1.0,1.0,1.0,1.0,1.0,1.0
72,9,3,54,3421,16,0,1.0,0.0,1.0,1.0,1.0,1.0
72,4,3,105,6664,16,0,1.0,0.0,1.0,1.0,1.0,1.0
73,8,1,82,5219,1,1,1.0,1.0,1.0,1.0,1.0,1.0
73,5,1,96,6137,1,1,1.0,1.0,1.0,1.0,1.0,1.0
73,0,2,72,4573,16,0,1.0,0.0,0.0,0.0,1.0,1.0
73,7,3,71,4512,16,0,1.0,1.0,1.0,1.0,1.0,1.0
73,6,2,103,6582,16,0,1.0,1.0,1.0,1.0,1.0,1.0
74,3,1,79,5018,1,1,1.0,1.0,1.0,1.0,1.0,1.0
74,1,2,66,4218,16,0,1.0,0.0,0.0,1.0,1.0,1.0
74,8,2,82,5219,16,0,1.0,1.0,1.0,1.0,1.0,1.0
74,6,1,103,6582,1,1,1.0,1.0,1.0,1.0,1.0,1.0
74,2,1,58,3656,1,1,1.0,1.0,1.0,1.0,1.0,1.0
74,9,3,54,3421,16,0,1.0,1.0,1.0,1.0,1.0,1.0
75,3,2,79,5018,16,0,1.0,1.0,1.0,1.0,1.0,1.0
75,7,2,71,4512,16,0,1.0,0.0,1.0,1.0,1.0,1.0
75,5,3,96,6137,16,0,1.0,1.0,1.0,1.0,1.0,1.0
76,8,2,82,5219,16,0,1.0,1.0,1.0,1.0,1.0,1.0
76,5,3,96,6137,16,0,1.0,1.0,1.0,1.0,1.0,1.0
76,0,3,72,4573,16,0,1.0,1.0,1.0,1.0,1.0,1.0
76,3,1,79,5018,1,1,1.0,1.0,1.0,1.0,1.0,1.0
76,2,2,58,3656,16,0,1.0,1.0,1.0,1.0,1.0,1.0
76,6,2,103,6582,16,0,1.0,1.0,1.0,1.0,1.0,1.0
77,9,2,54,3421,16,0,1.0,1.0,1.0,1.0,1.0,1.0
77,2,3,58,3656,16,0,1.0,1.0,1.0,1.0,1.0,1.0
77,8,1,82,5219,1,1,1.0,1.0,1.0,1.0,1.0,1.0
77,4,1,105,6664,1,1,1.0,1.0,1.0,1.0,1.0,1.0
77,7,1,71,4512,1,1,1.0,1.0,1.0,1.0,1.0,1.0
78,0,2,72,4573,16,0,1.0,0.0,1.0,1.0,1.0,1.0
78,4,2,105,6664,16,0,1.0,1.0,1.0,1.0,1.0,1.0
78,3,3,79,5018,16,0,1.0,1.0,1.0,1.0,1.0,1.0
78,7,3,71,4512,16,0,1.0,1.0,1.0,1.0,1.0,1.0
78,9,3,54,3421,16,0,1.0,1.0,1.0,1.0,1.0,1.0
78,2,3,58,3656,16,0,1.0,1.0,1.0,1.0,1.0,1.0
79,6,2,103,6582,16,0,1.0,0.0,1.0,1.0,1.0,1.0
79,9,1,54,3421,1,1,1.0,1.0,1.0,1.0,1.0,1.0
79,0,3,72,4573,16,0,1.0,1.0,1.0,1.0,1.0,1.0
79,3,2,79,5018,16,0,1.0,0.0,1.0,1.0,1.0,1.0
79,1,3,66,4218,16,0,1.0,1.0,1.0,1.0,1.0,1.0
79,2,3,58,3656,16,0,1.0,1.0,1.0,1.0,1.0,1.0
80,1,3,66,4218,16,0,1.0,1.0,1.0,1.0,1.0,1.0
80,3,3,79,5018,16,0,1.0,1.0,1.0,1.0,1.0,1.0
80,6,3,103,6582,16,0,1.0,1.0,1.0,1.0,1.0,1.0
81,5,3,96,6137,16,0,1.0,1.0,1.0,1.0,1.0,1.0
81,9,2,54,3421,16,0,1.0,1.0,1.0,1.0,1.0,1.0
82,0,3,72,4573,16,0,1.0,0.0,0.0,0.0,1.0,1.0
82,6,3,103,6582,16,0,1.0,1.0,1.0,1.0,1.0,1.0
82,3,3,79,5018,16,0,1.0,1.0,1.0,1.0,1.0,1.0
82,2,3,58,3656,16,0,1.0,1.0,1.0,1.0,1.0,1.0
82,4,3,105,6664,16,0,1.0,1.0,1.0,1.0,1.0,1.0
83,4,1,105,6664,1,1,1.0,1.0,1.0,1.0,1.0,1.0
83,7,3,71,4512,16,0,1.0,1.0,1.0,1.0,1.0,1.0
83,5,1,96,6137,1,1,1.0,1.0,1.0,1.0,1.0,1.0
83,0,1,72,4573,1,1,1.0,1.0,1.0,1.0,1.0,1.0
83,8,3,82,5219,16,0,1.0,1.0,1.0,1.0,1.0,1.0
84,3,3,79,5018,16,0,1.0,1.0,1.0,1.0,1.0,1.0
84,6,1,103,6582,1,1,1.0,1.0,1.0,1.0,1.0,1.0
84,9,2,54,3421,16,0,1.0,1.0,1.0,1.0,1.0,1.0
84,2,3,58,3656,16,0,1.0,1.0,1.0,1.0,1.0,1.0
84,5,2,96,6137,16,0,1.0,1.0,1.0,1.0,1.0,1.0
84,4,2,105,6664,16,0,1.0,0.0,1.0,1.0,1.0,1.0
84,0,1,72,4573,1,1,1.0,1.0,1.0,1.0,1.0,1.0
85,0,3,72,4573,16,0,1.0,0.0,0.0,1.0,1.0,1.0
85,5,1,96,6137,1,1,1.0,1.0,1.0,1.0,1.0,1.0
85,7,1,71,4512,1,1,1.0,1.0,1.0,1.0,1.0,1.0
86,8,2,82,5219,16,0,1.0,1.0,1.0,1.0,1.0,1.0
86,2,2,58,3656,16,0,1.0,1.0,1.0,1.0,1.0,1.0
86,0,3,72,4573,16,0,1.0,1.0,1.0,1.0,1.0,1.0
86,4,1,105,6664,1,1,1.0,1.0,1.0,1.0,1.0,1.0
86,3,2,79,5018,16,0,1.0,1.0,1.0,1.0,1.0,1.0
87,1,2,66,4218,16,0,1.0,1.0,1.0,0.0,1.0,1.0
87,7,2,71,4512,16,0,1.0,1.0,1.0,1.0,1.0,1.0
87,5,1,96,6137,1,1,1.0,1.0,1.0,1.0,1.0,1.0
87,4,3,105,6664,16,0,1.0,0.0,1.0,1.0,1.0,1.0
87,9,3,54,3421,16,0,1.0,1.0,1.0,1.0,1.0,1.0
87,0,3,72,4573,16,0,1.0,1.0,1.0,1.0,1.0,1.0
88,6,2,103,6582,16,0,1.0,1.0,1.0,1.0,1.0,1.0
88,3,3,79,5018,16,0,1.0,1.0,1.0,1.0,1.0,1.0
88,4,3,105,6664,16,0,1.0,1.0,1.0,1.0,1.0,1.0
88,9,3,54,3421,16,0,1.0,1.0,1.0,1.0,1.0,1.0
88,1,2,66,4218,16,0,1.0,1.0,1.0,1.0,1.0,1.0
88,5,3,96,6137,16,0,1.0,1.0,1.0,1.0,1.0,1.0
89,3,3,79,5018,16,0,1.0,1.0,1.0,1.0,1.0,1.0
89,7,2,71,4512,16,0,1.0,1.0,1.0,1.0,1.0,1.0
89,0,1,72,4573,1,1,1.0,1.0,1.0,1.0,1.0,1.0
89,6,3,103,6582,16,0,1.0,1.0,1.0,1.0,1.0,1.0
89,4,3,105,6664,16,0,1.0,1.0,0.0,1.0,1.0,1.0
90,1,3,66,4218,16,0,1.0,1.0,1.0,1.0,1.0,1.0
90,3,3,79,5018,16,0,1.0,0.0,0.0,1.0,1.0,1.0
90,6,2,103,6582,16,0,1.0,0.0,1.0,1.0,1.0,1.0
90,2,2,58,3656,16,0,1.0,1.0,1.0,1.0,1.0,1.0
90,5,2,96,6137,16,0,1.0,0.0,0.0,1.0,1.0,1.0
90,4,3,105,6664,16,0,1.0,1.0,0.0,1.0,1.0,1.0
91,9,3,54,3421,16,0,1.0,1.0,1.0,1.0,1.0,1.0
91,0,2,72,4573,16,0,1.0,0.0,1.0,1.0,1.0,1.0
91,6,2,103,6582,16,0,1.0,0.0,0.0,0.0,1.0,1.0
91,2,1,58,3656,1,1,1.0,1.0,1.0,1.0,1.0,1.0
91,8,2,82,5219,16,0,1.0,1.0,1.0,1.0,1.0,1.0
92,3,2,79,5018,16,0,1.0,1.0,1.0,1.0,1.0,1.0
92,7,3,71,4512,16,0,1.0,1.0,1.0,1.0,1.0,1.0
92,1,2,66,4218,16,0,1.0,0.0,0.0,0.0,1.0,1.0
92,0,2,72,4573,16,0,1.0,0.0,1.0,1.0,1.0,1.0
92,8,1,82,5219,1,1,1.0,1.0,1.0,1.0,1.0,1.0
92,2,2,58,3656,16,0,1.0,1.0,1.0,1.0,1.0,1.0
92,4,2,105,6664,16,0,1.0,1.0,1.0,1.0,1.0,1.0
93,3,3,79,5018,16,0,1.0,1.0,1.0,1.0,1.0,1.0
93,7,2,71,4512,16,0,1.0,0.0,1.0,1.0,1.0,1.0
93,6,2,103,6582,16,0,1.0,1.0,1.0,1.0,1.0,1.0
93,8,1,82,5219,1,1,1.0,1.0,1.0,1.0,1.0,1.0
93,5,1,96,6137,1,1,1.0,1.0,1.0,1.0,1.0,1.0
93,4,3,105,6664,16,0,1.0,0.0,0.0,0.0,1.0,1.0
93,0,1,72,4573,1,1,1.0,1.0,1.0,1.0,1.0,1.0
94,4,3,105,6664,16,0,1.0,1.0,1.0,1.0,1.0,1.0
94,6,3,103,6582,16,0,1.0,0.0,0.0,0.0,0.0,1.0
94,8,1,82,5219,1,1,1.0,1.0,1.0,1.0,1.0,1.0
94,3,3,79,5018,16,0,1.0,1.0,1.0,1.0,1.0,1.0
95,4,1,105,6664,1,1,1.0,1.0,1.0,1.0,1.0,1.0
95,0,3,72,4573,16,0,1.0,1.0,1.0,1.0,1.0,1.0
95,1,3,66,4218,16,0,1.0,1.0,1.0,1.0,1.0,1.0
95,2,2,58,3656,16,0,1.0,1.0,1.0,1.0,1.0,1.0
95,5,1,96,6137,1,1,1.0,1.0,1.0,1.0,1.0,1.0
96,1,3,66,4218,16,0,1.0,1.0,1.0,1.0,1.0,1.0
96,6,3,103,6582,16,0,1.0,1.0,1.0,1.0,1.0,1.0
96,0,3,72,4573,16,0,1.0,1.0,1.0,1.0,1.0,1.0
97,4,1,105,6664,1,1,1.0,1.0,1.0,1.0,1.0,1.0
97,7,3,71,4512,16,0,1.0,1.0,1.0,1.0,1.0,1.0
97,3,3,79,5018,16,0,1.0,1.0,1.0,1.0,1.0,1.0
98,9,2,54,3421,16,0,1.0,0.0,0.0,0.0,1.0,1.0
98,7,2,71,4512,16,0,1.0,0.0,0.0,0.0,0.0,1.0
98,6,3,103,6582,16,0,1.0,1.0,1.0,1.0,1.0,1.0
98,0,3,72,4573,16,0,1.0,1.0,1.0,1.0,1.0,1.0
98,3,2,79,5018,16,0,1.0,1.0,1.0,1.0,1.0,1.0
98,1,2,66,4218,16,0,1.0,0.0,1.0,1.0,1.0,1.0
98,2,2,58,3656,16,0,1.0,0.0,0.0,1.0,1.0,1.0
99,8,3,82,5219,16,0,1.0,1.0,1.0,1.0,1.0,1.0
99,3,3,79,5018,16,0,1.0,1.0,1.0,1.0,1.0,1.0
99,9,2,54,3421,16,0,1.0,1.0,1.0,1.0,1.0,1.0
99,4,2,105,6664,16,0,1.0,1.0,1.0,1.0,1.0,1.0
99,2,3,58,3656,16,0,1.0,1.0,1.0,1.0,1.0,1.0
99,6,3,103,6582,16,0,1.0,1.0,1.0,1.0,1.0,1.0
100,2,3,58,3656,16,0,1.0,1.0,1.0,1.0,1.0,1.0
100,5,1,96,6137,1,1,1.0,1.0,1.0,1.0,1.0,1.0
100,1,1,66,4218,1,1,1.0,1.0,1.0,1.0,1.0,1.0
100,7,1,71,4512,1,1,1.0,1.0,1.0,1.0,1.0,1.0
